text,start,duration,time_midpoint,vader,textblob,llama3
the biblical injunction thou shalt not,78.4,4.24,80.52000000000001,0.0,0.0,-0.7
is one that requires qualification in,82.64,4.0,84.64,0.0,0.0,0.2
view of our broader knowledge of,85.119,5.04,87.639,0.0,0.0,0.4
impulses behind homicide,86.64,3.519,88.3995,0.0,-0.4,-0.7
the various legal categories such as,90.4,5.2,93.0,0.128,0.06666666666666667,-0.7
first and second degree murder,93.28,6.56,96.56,-0.6908,0.125,-0.7
various degrees of homicide manslaughter,95.6,6.879,99.0395,0.0,0.0,0.2
civilized recognitions of impulses of,99.84,6.48,103.08,0.0,0.4,0.5
various degrees of culpability,102.479,3.841,104.3995,0.0,0.0,0.3
the man who kills the self-defense for,106.64,3.92,108.6,-0.5423,0.0,0.5
instance must not be judged by the same,108.24,3.839,110.1595,0.0,0.0,0.4
standards plight of the man who kills,110.56,5.28,113.2,-0.5423,0.0,-0.7
what are you doing tonight well i'm,125.04,3.279,126.6795,0.2732,0.0,0.2
having dinner with layla and boxing at,126.719,2.081,127.7595,0.0,0.0,0.6
well i just don't want you to stay,128.8,3.439,130.51950000000002,0.2211,0.0,-0.7
cooped up every night working all the,130.479,2.161,131.5595,0.0,0.0,-0.7
well i won't i promise you i'll get out,132.64,3.12,134.2,0.0356,0.0,-0.7
i should think you would after classes,135.76,3.839,137.6795,0.0,0.0,0.4
all day but once you get your nose into,137.52,3.359,139.1995,0.0,0.0,0.7
a book mama,139.599,5.28,142.23899999999998,0.0,0.0,0.4
they're going yes dear goodbye darling,140.879,5.681,143.71949999999998,0.8442,0.0,0.8
i'm so sorry you're not going with this,144.879,3.761,146.7595,-0.1513,-0.5,-0.8
so bye but you have a good time don't,146.56,3.44,148.28,0.5927,0.7,0.2
you worry about me,148.64,3.92,150.6,-0.4404,0.0,0.7
will you miss me every minute of the day,150.0,4.72,152.36,-0.1531,0.0,0.7
every second of the night,152.56,6.959,156.0395,0.0,0.0,0.3
mama bye sweetie just daddy goodbye,154.72,4.799,157.1195,0.4939,0.0,0.6
goodbye you little brats song,159.92,6.56,163.2,0.0,-0.1875,0.4
so long and my mother both of you yes,163.599,4.881,166.03949999999998,0.4019,-0.05,0.2
yes i will,168.48,3.36,170.16,0.4019,0.0,0.7
get your papers,186.319,13.521,193.0795,0.0,0.0,0.4
flirting with our sweetheart hello,216.56,4.08,218.6,0.7269,0.0,0.7
michael how are you friends fancy,218.56,2.64,219.88,0.4767,0.0,0.6
wishy haven't the painter's idea but,221.2,4.08,223.24,0.0,0.0,-0.7
we've decided she's our dream girl,223.28,3.84,225.2,0.25,0.0,0.8
just from that picture that's right we,225.28,3.84,227.2,0.0,0.2857142857142857,0.3
saw her first but it's an extraordinary,227.12,2.64,228.44,0.0,0.29166666666666663,0.7
extraordinary woman too i bet,229.76,12.08,235.8,0.0,0.3333333333333333,0.7
well what's the program now huh stalk,242.0,3.439,243.7195,0.2732,0.0,-0.7
billy roses well i hate to disappoint,245.439,5.761,248.3195,-0.6486,-0.8,-0.7
you gentlemen but the program so far as,249.12,3.6,250.92,0.0,0.1,0.3
i'm concerned,251.2,5.92,254.16,0.0,0.0,-0.7
is one cigar another drink nearly to bed,252.72,5.68,255.56,0.0,0.1,0.3
i have a lecture at night tomorrow,257.12,2.56,258.4,0.0,0.0,0.6
morning and i expect to deliver it,258.4,2.16,259.48,0.0,0.0,0.2
without support,259.68,2.32,260.84000000000003,-0.3089,0.0,-0.7
you need to sit there and tell us that,260.56,2.639,261.8795,0.0,0.0,-0.7
on the first night of your summer,262.0,2.08,263.04,0.0,0.25,0.7
we're not even going to a burlesque show,264.08,3.92,266.04,0.0,0.0,-0.7
no but if one of the young,266.4,4.48,268.64,-0.1531,0.1,0.4
ladies wishes to come over here and,268.0,4.4,270.2,0.1531,0.0,0.4
perform about uh,270.88,4.879,273.3195,0.0,0.0,0.2
there i'd only be too happy to watch,272.4,7.359,276.0795,0.5719,0.4,0.8
incredible absolutely shameful,275.759,6.321,278.9195,-0.5819,0.55,-0.8
it's outraging tradition well look i'm a,279.759,3.761,281.6395,-0.2263,0.0,-0.7
middle-aged man,282.08,4.399,284.2795,0.0,0.0,0.2
we all are we're three old crocs and,283.52,4.72,285.88,0.0,0.1,0.3
that sort of shenanigan is out for it,286.479,2.801,287.8795,0.0,0.0,0.4
just a minute,288.24,3.04,289.76,0.0,0.0,0.3
i don't know that i like being described,289.28,3.52,291.04,0.3612,0.0,-0.7
as an old truck,291.28,3.68,293.11999999999995,0.0,0.1,0.3
no michael he's right i'm afraid and,292.8,3.76,294.68,-0.296,-0.15714285714285714,0.2
it's a darn good thing too,294.96,3.519,296.7195,0.4404,0.7,0.7
men our age i didn't say that i didn't,296.56,3.359,298.2395,0.0,0.0,-0.7
say it was a good thing,298.479,3.761,300.3595,0.4404,0.7,0.7
because i don't know that it is all i,299.919,4.241,302.0395,0.0,0.0,-0.7
know is that i hate it,302.24,4.399,304.4395,-0.5719,-0.8,-0.8
i hate this solidity the stodginess i'm,304.16,3.84,306.08000000000004,-0.5719,-0.8,-0.8
beginning to feel,306.639,2.961,308.1195,0.0,0.0,0.4
to me it's the end of the brightness of,308.0,3.84,309.92,0.3818,0.0,-0.7
life the end of spirit and adventure,309.6,4.72,311.96000000000004,0.4588,0.0,-0.7
don't talk like that men of our years,311.84,4.4,314.04,-0.2755,0.0,0.7
have no business playing around with any,314.32,4.24,316.44,-0.4199,0.0,-0.7
adventure that they can avoid,316.24,3.679,318.0795,0.0258,0.0,0.2
we're like athletes who are out of,318.56,3.76,320.44,0.3612,0.0,0.4
condition we can't handle that sort of,319.919,3.28,321.559,0.0,0.0,-0.7
thing anymore,322.32,3.599,324.1195,0.0,0.0,-0.7
life ends at 40. in the district,323.199,4.481,325.4395,0.0,0.0,0.4
attorney's office we see what happens to,325.919,3.361,327.5995,0.0,0.0,-0.4
middle-aged men who try to act like,327.68,3.92,329.64,0.3612,0.0,0.2
and i'm not joking when i tell you that,331.6,4.24,333.72,-0.1695,0.0,0.7
i've seen genuine actual tragedy issuing,333.44,4.24,335.56,-0.6597,0.2,-0.7
directly out of pure carelessness out of,335.84,3.44,337.56,-0.34,0.15714285714285714,-0.7
the merest trifles,337.68,4.4,339.88,0.0,0.0,0.2
casual impulse an idol flirtation one,339.28,4.4,341.48,0.5423,-0.5000000000000001,0.4
drink too many,342.08,4.64,344.4,0.0,0.5,-0.7
how many is that third isn't it a great,343.68,5.359,346.3595,-0.5096,0.43333333333333335,0.4
scout he's lost count already,346.72,4.24,348.84000000000003,-0.3182,0.0,-0.7
he's a strictly two drink man always has,349.039,3.841,350.9595,0.0,0.0,0.4
been for years i'm sorry if i sound,350.96,2.799,352.3595,-0.0772,-0.04999999999999999,-0.7
but trouble starts too from little,353.759,3.121,355.3195,-0.5499,-0.19375,-0.7
things often from some,355.199,4.161,357.2795,0.0,0.0,0.2
forgotten natural tendency yes when i,356.88,3.84,358.8,0.5106,0.1,0.3
have a date for an idol,359.36,4.0,361.36,0.0,0.0,0.7
plantation without a turner but we won't,360.72,4.0,362.72,0.0,0.0,-0.7
tomorrow night hey good why don't you,364.72,3.199,366.3195,0.4404,0.7,0.4
make it every night,366.96,2.16,368.04,0.0,0.0,0.4
the three of us unless you've got,367.919,2.961,369.3995,0.0,0.0,0.4
something better to do fine that's a,369.12,2.48,370.36,0.5719,0.45833333333333337,-0.7
i think i'll run along with you splendid,371.6,4.0,373.6,0.5859,0.8333333333333334,0.7
maybe lana can dig up for,373.759,4.72,376.119,0.0,0.0,0.2
rita hayworth for you but what about me,375.6,4.08,377.64,0.0,0.0,0.4
do you think it's quite safe to leave me,378.479,1.521,379.2395,0.4077,0.5,-0.7
in this somewhat rebellious state of,380.0,3.12,381.56,-0.228,0.0,0.4
mind no you'll be all right i'm sure,381.28,3.359,382.9595,0.0258,0.39285714285714285,0.5
just you run along to bed like a good,383.12,3.04,384.64,0.6597,0.7,0.2
fella and forget the whole matter,384.639,3.201,386.2395,-0.2023,0.2,0.2
he's much too old for the sort of thing,386.16,3.52,387.92,0.0,0.15000000000000002,-0.7
we have in mind in me huh,387.84,5.199,390.4395,0.0,0.0,0.3
that'll be good dick i really would like,389.68,5.44,392.4,0.3353,0.44999999999999996,0.3
to stop worrying you know i don't agree,393.039,3.521,394.7995,-0.6917,0.0,0.7
with the word you've said,395.12,4.079,397.1595,0.0,0.0,0.5
but the disagreement is purely academic,396.56,4.72,398.92,-0.5023,0.0,0.2
you know that's exactly my complaint,399.199,4.0,401.199,-0.296,-0.3,-0.7
the flesh is still strong but the spirit,401.28,3.28,402.92,0.4939,0.4333333333333333,0.4
grows weaker by the hour,403.199,3.601,404.9995,-0.4404,0.0,-0.7
good you know even if the spirit of,404.56,3.44,406.28,0.5574,0.7,0.7
adventure should rise,406.8,3.679,408.6395,0.3182,0.0,0.7
up before me impeccable even in the form,408.0,3.12,409.56,0.0,0.75,-0.7
of that uh,410.479,2.72,411.839,0.0,0.0,0.7
alluring young woman in the window next,411.12,4.24,413.24,0.0,0.05,0.7
door i'm afraid that all i do is clutch,413.199,3.361,414.8795,0.0,-0.6,-0.7
my coat a little tight i'm under,415.36,2.72,416.72,0.0,-0.1830357142857143,-0.7
something idiotic and run like the devil,416.56,4.4,418.76,-0.7579,-0.6666666666666666,-0.9
not before you got a number i hope,418.08,6.19,421.175,0.4939,0.0,0.4
probably good night,420.96,5.28,423.6,0.4404,0.7,0.6
you're safe i guess good night,426.24,11.6,432.04,0.7003,0.6,0.4
let him kiss me with the kisses of his,473.68,6.16,476.76,0.7269,0.0,0.7
the light mouth,476.96,2.88,478.4,0.0,0.4,0.2
oh thank you,500.479,7.361,504.1595,0.3612,0.0,0.8
would you be uh good enough to remind me,508.879,4.72,511.239,0.4404,0.35,0.2
when it's 10 30. yes sir,510.479,5.04,512.999,0.4019,0.0,0.7
sometimes i'm inclined to lose strike of,513.599,4.56,515.879,-0.4939,0.0,-0.7
time and i'll remind you sir,515.519,6.32,518.679,0.0,0.0,0.4
thank you sir,518.159,3.68,519.999,0.3612,0.0,0.7
it's 10 30 professor wandy,533.36,7.68,537.2,0.0,0.0,0.4
it's 10 30 so oh,536.64,4.4,538.84,0.0,0.0,0.3
would you mind putting it back in the,543.04,6.799,546.4395,0.0,0.0,0.2
library yes sir thank you,544.16,5.679,546.9995,0.6369,0.0,0.7
my hat please,560.48,3.359,562.1595,0.3182,0.0,0.4
i uh i couldn't have drunk that much,615.44,6.72,618.8000000000001,0.2584,-0.15,-0.7
you you did pose for it didn't you,619.12,4.56,621.4,0.0,0.0,-0.7
well then my admiration for the artist,622.16,3.44,623.88,0.6808,0.0,0.8
is done it's not only a good painting,623.68,3.04,625.1999999999999,-0.3412,0.35,0.2
it's also you,625.6,4.16,627.6800000000001,0.0,0.0,0.7
you know that so quickly i don't know i,626.72,4.48,628.96,0.0,0.3333333333333333,0.2
only know that if i were a painter and,629.76,2.88,631.2,0.0,0.0,0.6
done this have you i'd be very happy,631.2,2.639,632.5195,0.6115,1.0,0.8
is it yours no i wish it would,633.839,4.721,636.1995000000001,-0.5358,0.0,-0.7
and i wouldn't have to come over here,637.279,4.081,639.3195,0.0,0.0,-0.7
every so often to watch people's faces,638.56,5.68,641.4,0.0,0.0,0.2
is that what you do now and then when,641.36,4.96,643.84,0.0,0.0,0.2
i'm lonely,644.24,6.32,647.4,-0.3612,-0.09999999999999998,-0.7
tonight i was alone i don't like to be,646.32,7.36,650.0,-0.4784,0.0,-0.7
why did you watch my face,650.56,8.16,654.64,0.0,0.0,-0.7
oh yes did i react properly and normally,653.68,8.159,657.7595,0.4019,0.075,0.7
well there are two general reactions,658.72,6.239,661.8395,0.2732,0.05000000000000002,0.2
one is a kind of solemn stare for the,661.839,5.361,664.5195000000001,-0.1513,0.6,0.3
and and the other the other is a long,667.2,7.6,671.0,0.0,-0.09999999999999999,0.2
blown whistle what was mine,670.56,6.56,673.8399999999999,0.0,0.0,-0.7
i'm not sure but i suspect that in,674.8,3.92,676.76,-0.5075,-0.25,0.2
another moment or two you might have,677.12,2.8,678.52,0.0,0.0,0.4
given a long,678.72,5.04,681.24,0.0,-0.05,0.2
low solemn whistle,679.92,3.84,681.8399999999999,-0.34,0.0,0.2
well that uh rather embarrasses me well,684.16,3.919,686.1195,0.128,0.0,-0.7
it shouldn't,687.04,2.96,688.52,0.0,0.0,-0.8
i regard it as an unusually sincere,688.079,3.841,689.9994999999999,0.4576,0.5,0.7
compliment because you don't look to me,690.0,4.24,692.12,0.4767,0.0,0.8
like a man much given to,691.92,6.96,695.4,0.3612,0.2,0.5
me oh no no it's not that exactly but uh,694.24,7.92,698.2,0.1139,0.25,-0.7
if my admiration was that obvious,698.88,5.36,701.56,0.5423,0.0,-0.7
i'm afraid you might misunderstand earth,702.16,3.44,703.88,-0.3612,-0.6,0.7
may i help you,704.24,4.24,706.36,0.4019,0.0,0.5
could you i'm not married i have no,705.6,4.4,707.8000000000001,-0.296,-0.125,-0.7
designs on you,708.48,4.64,710.8000000000001,0.0,0.0,0.4
and one drink is all i care for is that,710.0,3.92,711.96,0.4939,0.0,0.4
that's right thank you,713.92,3.77,715.805,0.3612,0.2857142857142857,0.7
what's so funny well i i had dinner with,724.88,4.24,727.0,0.6779,0.25,0.2
a couple of friends tonight and,727.6,3.76,729.48,0.4767,0.0,0.6
we discussed your portrait with great,729.12,4.56,731.4,0.6249,0.8,0.7
admiration i might say,731.36,3.68,733.2,0.5423,0.0,0.8
i'm thinking of their faces tomorrow,733.68,3.44,735.4,0.0,0.0,0.4
night when i tell them about this,735.04,3.599,736.8394999999999,0.0,0.0,0.5
sitting and chatting over a drink with,737.12,3.92,739.08,0.0,0.0,0.7
the charming young lady herself,738.639,3.841,740.5595,0.5859,0.39999999999999997,0.7
would you like to see some more of his,741.04,4.32,743.1999999999999,0.3612,0.5,0.4
work i would indeed,742.48,5.84,745.4,0.0,0.0,0.8
i like it very much then when you,745.36,4.56,747.64,0.3612,0.26,0.7
finished your drink you can take me home,748.32,2.4,749.5200000000001,0.0,0.0,0.7
show them to you they're just sketches,750.72,4.88,753.1600000000001,0.0,0.0,0.2
but quite good i think,753.12,5.519,755.8795,0.6474,0.7,0.7
they're of me of course,755.6,8.239,759.7195,0.0,0.0,0.4
little late isn't it is that late 11,758.639,5.2,761.239,0.0,-0.2625,-0.5
i don't think i should don't think you,764.32,3.92,766.2800000000001,0.0,0.0,-0.7
what you mean i was warned,768.24,6.88,771.6800000000001,-0.2732,-0.3125,-0.7
you mean you're afraid of me,772.0,6.32,775.16,0.0,-0.45625,-0.7
no no no no it's not that but uh,775.12,5.76,778.0,0.3252,0.0,-0.7
i was warned against the siren call of,778.32,4.079,780.3595,-0.2732,0.0,0.4
at my age i should never have stopped to,782.399,3.841,784.3195,0.1695,0.0,-0.7
talk with you,785.04,3.28,786.68,0.0,0.0,0.7
i should never never come here to drink,786.24,4.399,788.4395,0.0,0.0,-0.8
may i have your hand yes thank you,847.68,9.59,852.4749999999999,0.8126,0.0,0.7
make yourself at home i'll be right back,851.04,41.919,871.9995,0.0,0.14285714285714285,0.7
clemens who did the one in the window,892.959,3.44,894.679,0.0,0.0,0.4
did these just sketches but,894.56,5.279,897.1995,0.0,0.0,0.7
nice i think,896.399,3.44,898.119,0.4215,0.6,-0.7
let's have another,910.48,6.08,913.52,0.0,0.0,0.7
i should say no i know but i haven't the,913.839,4.24,915.959,-0.1531,0.0,-0.7
slightest intention of saying it,916.56,4.719,918.9195,0.0,0.0,0.2
i should say not this is much too,918.079,8.051,922.1045,0.0,0.2,-0.7
pleasant to break up,921.279,22.401,932.4795,0.5106,0.7333333333333333,-0.7
ouch oh did you cut yourself,943.68,5.76,946.56,-0.2732,0.0,-0.7
no but the wire broke have you something,946.72,4.4,948.92,-0.6486,0.0,-0.7
to cut it with,949.44,3.399,951.1395,-0.2732,0.0,0.4
scissors all right yes i think that'll,951.12,4.719,953.4795,0.4019,0.2857142857142857,-0.7
who are you my name is,962.399,5.68,965.239,0.0,0.0,0.2
what are we going to do,1030.319,5.201,1032.9195,0.0,0.0,0.2
i don't know,1037.439,4.39,1039.634,0.0,0.0,0.2
call the police i suppose,1041.839,13.2,1048.439,0.0,0.0,-0.7
what was his name,1055.039,3.281,1056.6795,0.0,0.0,0.2
hard frank hard,1058.32,5.04,1060.84,-0.2023,-0.2916666666666667,0.2
that's what he told me,1063.6,4.24,1065.7199999999998,0.0,0.0,0.4
don't you think it was,1068.08,3.2,1069.6799999999998,0.0,0.0,0.2
i don't know i don't think so,1071.28,7.68,1075.12,0.0,0.0,-0.7
but i don't know he never told me,1075.52,5.84,1078.44,0.0,0.0,-0.7
anything else,1078.96,6.32,1082.12,0.0,0.0,0.5
where he lived what he did,1081.36,8.16,1085.4399999999998,0.0,0.0,0.2
anything i saw him two or three times a,1085.28,6.399,1088.4795,0.0,0.0,0.2
week perhaps,1089.52,4.32,1091.68,0.0,0.0,0.2
he never took me out to dinner or a show,1091.679,4.641,1093.9995,0.0,0.0,-0.7
or anything,1093.84,2.48,1095.08,0.0,0.0,0.5
what what are you,1098.4,6.08,1101.44,0.0,0.0,0.2
where's the teleport,1101.44,3.04,1102.96,0.0,0.0,0.3
in the bedroom,1104.88,4.96,1107.36,0.0,0.0,0.2
operator operator,1152.64,8.56,1156.92,0.0,0.0,0.0
give me operator,1155.84,5.36,1158.52,0.0,0.0,0.2
you say nobody,1172.559,6.961,1176.0395,0.0,0.0,-0.7
has ever seen you with him,1175.84,5.76,1178.72,0.0,0.0,-0.7
we've never been out together when you,1179.52,4.48,1181.76,0.0,0.0,0.4
that was on a train why,1184.08,9.52,1188.84,0.0,0.0,-0.7
who knows at all about you and him,1188.48,10.319,1193.6395,0.0,0.0,-0.5
unless he told someone which i doubt,1193.6,10.559,1198.8795,-0.3612,0.0,-0.7
nobody you never mention him to anybody,1198.799,5.36,1201.479,0.0,0.0,-0.7
not his name not even the name he gave,1204.24,6.08,1207.28,0.0,0.0,-0.7
do you think there's something we can do,1210.96,4.8,1213.36,0.0,0.0,0.4
i'm just wondering,1213.36,3.92,1215.32,0.0,0.0,0.3
i was wondering if anybody could have,1215.76,3.36,1217.44,0.0,0.0,0.2
seen him coming in here tonight,1217.28,4.399,1219.4795,0.0,0.0,0.4
i'm sure not he wouldn't even get out of,1219.12,5.2,1221.7199999999998,0.3182,0.5,-0.7
the cab if there was anyone around,1221.679,4.081,1223.7195000000002,0.0,0.0,0.2
do you think there's something we can do,1224.32,3.44,1226.04,0.0,0.0,0.4
do you i don't want to go to jail,1225.76,5.039,1228.2795,-0.0572,-0.1,-0.7
try to keep calm please let's think,1227.76,4.399,1229.9595,0.5574,0.30000000000000004,0.4
about it a minute let's see if there is,1230.799,2.081,1231.8395,0.0,0.0,0.2
they'll never believe us you know no i'm,1232.88,3.679,1234.7195000000002,-0.296,0.0,-0.7
afraid they won't but even if they did,1234.64,3.44,1236.36,0.0,-0.6,-0.7
we wouldn't be much better off,1236.559,2.721,1237.9195,-0.3412,0.5,-0.7
they'll say we could make up any kind of,1238.08,4.24,1240.1999999999998,0.0,0.6,0.4
story we wanted to who else saw it,1239.28,4.24,1241.4,0.0,0.0,0.2
they'll make it some kind of murder i,1242.32,7.52,1246.08,-0.7178,0.6,0.6
know they will please,1243.52,6.32,1246.68,0.3182,0.0,-0.7
i have no feeling about him,1255.2,3.28,1256.84,-0.0951,0.0,0.0
he's trying to kill me there's no,1259.52,2.88,1260.96,-0.7845,0.0,-0.7
question about that i hadn't killed them,1260.799,2.641,1262.1195,0.5559,-0.2,-0.7
you'd have killed me,1262.4,2.399,1263.5995,-0.6705,-0.2,-0.8
if you wouldn't give me the scissors i'd,1263.44,3.359,1265.1195,0.0,0.0,-0.7
but whatever they believe i'm ruined,1266.799,6.0,1269.799,-0.631,0.0,-0.7
my whole life you were thinking of,1270.72,3.6,1272.52,0.0,0.2,0.2
what was it i was wondering if we had,1274.32,4.16,1276.4,0.0,0.0,-0.7
the nerve for something,1276.559,4.801,1278.9595,0.0,0.0,-0.7
something pretty dangerous it would shut,1278.48,4.24,1280.6,0.0258,-0.175,-0.7
the door on us completely if we were,1281.36,3.439,1283.0794999999998,0.0,0.1,-0.7
anything you say i don't want to go to,1284.799,3.36,1286.479,-0.0572,0.0,-0.7
jail i don't,1286.96,5.36,1289.64,0.0,-0.1,-0.7
what's this if nobody knows about you,1288.159,7.52,1291.919,0.0,0.0,-0.7
if nobody saw him coming in here tonight,1292.32,4.88,1294.76,0.0,0.0,-0.7
how could either of us be connected with,1295.679,3.36,1297.3590000000002,0.0,0.0,-0.7
it if his body will turn miles and miles,1297.2,3.839,1299.1195,0.0,0.0,0.5
away from here,1299.039,6.481,1302.2795,0.0,0.0,-0.7
i'll have to go and get my car,1305.52,3.44,1307.24,0.0,0.0,0.2
i'll park it directly in front of the,1310.48,4.16,1312.56,0.0,0.1,0.2
door and then we'll pick our moment,1311.919,4.161,1313.9995,0.0,0.0,0.4
you'll watch when i carry it out and put,1314.64,3.44,1316.36,0.0,0.0,0.4
it in the bag,1316.08,3.599,1317.8795,0.0,0.0,0.5
and then i'll dump it somewhere in the,1318.08,4.0,1320.08,-0.3818,0.0,0.2
country it'll be found of course sooner,1319.679,3.201,1321.2795,0.0,0.0,0.7
or later but,1322.08,2.64,1323.4,0.0,0.0,0.3
maybe not for a week you mean you'll go,1322.88,5.52,1325.64,0.0,-0.3125,-0.7
for your car while i wait here,1324.72,6.64,1328.04,0.0,0.0,0.3
would you be afraid not of that but if,1328.4,4.159,1330.4795,0.0,-0.6,0.2
you got out of here why should you ever,1331.36,3.6,1333.16,0.0,0.0,-0.7
i like you i think you're all right but,1334.96,4.56,1337.24,0.1901,0.2857142857142857,0.3
i don't even know your name,1337.679,2.88,1339.119,0.0,0.0,-0.7
and i don't think there's a man in the,1339.52,2.159,1340.5995,0.0,0.0,0.2
world who wouldn't get out of a mess,1340.559,2.641,1341.8795,-0.3612,-0.175,-0.7
like this if he could oh we mustn't,1341.679,2.88,1343.119,0.3612,0.0,0.3
if we do that we're lost both of us,1344.559,6.161,1347.6395,-0.3182,0.0,-0.7
why can't i go with you,1347.679,3.041,1349.1995000000002,0.0,0.0,0.7
well i'm hoping we can get ourselves out,1350.96,5.28,1353.6,0.5994,0.0,0.4
of this completely,1354.48,4.16,1356.56,0.0,0.1,0.2
but there's one condition i won't tell,1356.24,3.76,1358.12,0.0,0.0,0.2
you my name what i do or,1358.64,2.64,1359.96,0.0,0.0,0.3
take her to get the car because then,1360.0,3.28,1361.64,0.0,0.0,0.7
you'd know where i live,1361.28,4.08,1363.32,0.0,0.13636363636363635,0.4
but if we're successful tonight it'll be,1363.28,5.04,1365.8,0.7351,0.75,0.7
of no importance to you,1365.36,2.96,1366.84,-0.2755,0.0,-0.7
i tell you what i'll do,1369.6,2.88,1371.04,0.0,0.0,0.6
you leave something here,1372.72,3.12,1374.28,-0.0516,0.0,0.2
leave your vest with me that would be a,1376.88,4.159,1378.9595000000002,-0.0516,0.0,0.6
clue if you,1379.919,6.64,1383.239,0.0,0.0,0.6
didn't come back i mean that's fair,1381.039,5.52,1383.799,0.3182,0.12916666666666665,0.2
there's almost no blood outside,1405.919,3.681,1407.7595,-0.228,0.0,-0.7
fortunately,1414.84,3.719,1416.6995,0.0,0.4,0.7
have you a dark blanket we can grab them,1416.96,3.12,1418.52,0.0,-0.15,0.2
i have one,1420.08,11.76,1425.96,0.0,0.0,0.4
trouble is a i have no idea what the,1462.08,5.36,1464.76,-0.5994,-0.2,-0.7
police can do with clues,1464.4,3.04,1465.92,0.0,0.0,0.4
but a great deal i'm sure i've read a,1467.84,4.16,1469.9199999999998,0.8625,0.65,0.5
thing that's a little,1471.36,2.16,1472.4399999999998,0.0,-0.1875,0.2
short of miraculous by the city police,1472.0,3.12,1473.56,0.0,0.0,0.7
as well as the fbi,1473.52,4.88,1475.96,0.2732,0.0,0.2
from a piece of cloth or even a button,1475.12,7.039,1478.6395,0.0,0.0,0.2
now 115. i'll have to take the subway so,1478.4,5.36,1481.0800000000002,0.0,0.0,-0.7
i probably won't be able to make it much,1482.159,3.281,1483.7995,0.0,0.35,-0.4
under three quarters of an hour,1483.76,4.0,1485.76,0.0,0.0,0.4
maybe an hour but even if i'm longer,1485.44,3.359,1487.1195,0.0,0.0,0.2
than that don't worry don't get,1487.76,2.399,1488.9595,0.3412,0.0,0.2
panicking call the police because i,1488.799,2.801,1490.1995,-0.4404,0.0,-0.7
promise you i'll be back i won't fail,1490.159,2.4,1491.3590000000002,0.631,-0.25,0.7
now look outside will you yes,1495.6,11.53,1501.365,0.4019,0.0,0.4
keep your nerve we'll make it,1516.159,13.681,1522.9995,0.0,0.0,0.7
i'd like my car please yes sir,1563.279,4.721,1565.6395,0.7579,0.0,0.7
hey charlie yeah professor wendy's car,1568.48,6.4,1571.68,0.296,0.0,0.4
right away kind of late for you wouldn't,1572.32,3.44,1574.04,0.0,0.1952380952380952,0.2
later than i expected hey you know mr,1575.76,3.84,1577.68,0.0,-0.05,0.3
ward in your building,1578.48,4.36,1580.66,0.0,0.0,0.2
yes four o'clock sunday morning he got,1579.6,6.24,1582.7199999999998,0.4019,0.0,0.2
better get them brakes adjusted first,1588.24,3.76,1590.12,0.4404,0.375,0.3
chance you get they're pretty loose,1590.0,9.84,1594.92,0.4404,0.08653846153846154,0.6
pull over to the curb,1606.64,7.2,1610.24,0.0,0.0,0.2
don't you ever turn your lights on at,1625.919,4.561,1628.1995000000002,0.0,0.0,-0.7
night oh i'm sorry i thought the garage,1627.36,4.16,1629.4399999999998,-0.0772,-0.5,0.2
man turned them on,1630.48,4.4,1632.68,0.0,0.0,0.4
let's see your driver's license,1631.52,3.36,1633.2,0.0,0.0,0.2
warnley huh what's that polish no it's,1638.559,3.761,1640.4395,-0.296,0.0,0.2
do you have any other identification,1642.32,3.52,1644.08,0.0,-0.125,0.2
i have a letter here from the board of,1649.44,6.4,1652.64,0.0,0.0,0.2
professor huh assistant,1656.08,13.76,1662.96,0.0,0.0,0.2
okay watch those lights from now on,1659.52,10.32,1664.68,0.2263,0.5,0.3
everything all right everything's just,1709.919,2.88,1711.3590000000002,0.0,0.2857142857142857,0.5
as you left it the name on the mailbox,1711.2,3.12,1712.76,0.0,0.0,0.2
is read alice read in case you have to,1712.799,2.081,1713.8395,0.0,0.0,0.2
come again,1714.32,2.079,1715.3595,0.0,0.0,0.4
well if we're lucky i don't think that'd,1714.88,3.6,1716.68,0.5994,0.3333333333333333,-0.7
be any occasion for that,1716.399,5.28,1719.039,0.0,0.0,0.2
is that the blanket yes first i imagine,1718.48,3.6,1720.28,0.4019,0.25,0.3
want to get rid of the more obvious,1722.08,2.959,1723.5594999999998,0.0772,0.25,-0.7
means of identification i've already,1723.52,3.68,1725.36,0.0,0.0,0.3
you searched him had to be done didn't,1727.2,4.16,1729.28,0.0,0.0,-0.7
no letters or anything with a name on it,1750.08,8.24,1754.1999999999998,-0.296,0.0,0.2
tell me frank howard that's all i know,1758.32,6.88,1761.76,0.0,0.0,-0.7
all right tie it all up tomorrow get on,1762.08,4.079,1764.1195,0.0,0.2857142857142857,0.4
one of the ferries,1765.2,3.199,1766.7995,0.0,0.0,0.4
not during a rush hour and drop it,1766.159,3.841,1768.0795,-0.2732,0.0,0.5
overboard and be very careful that,1768.399,2.241,1769.5195,0.2247,-0.19,-0.7
you're unseen,1770.0,3.52,1771.76,0.0,0.0,0.2
the money too well you might as well,1770.64,4.24,1772.76,0.4939,0.0,-0.7
keep it i don't see how that could be,1773.52,1.84,1774.44,0.0,0.0,0.3
what about the watch do exactly as i,1775.36,3.52,1777.12,0.0,0.25,0.3
tell you please otherwise we might as,1776.96,4.43,1779.175,0.3182,0.0,-0.7
well give ourselves up now,1778.88,4.08,1780.92,0.2732,0.0,-0.7
we can't afford to overlook one detail,1782.96,2.88,1784.4,0.0,0.0,-0.7
we've got to think of everything in,1784.72,1.679,1785.5595,0.0,0.0,0.3
remember that i wouldn't,1786.399,3.201,1787.9995,0.0,0.0,-0.7
how about this right there's only a,1790.32,3.839,1792.2395,0.0,0.14285714285714285,-0.7
little spot i can get that at myself,1792.32,3.92,1794.28,0.0,-0.1875,0.2
do it very thoroughly will you i break,1794.159,3.921,1796.1195,0.0,0.2,-0.7
of laboratory tests i make to find signs,1796.24,3.039,1797.7595,0.0,0.0,0.2
of blood that the naked eye could never,1798.08,1.52,1798.84,0.0,0.0,0.6
i can clean it and the scissors you,1799.6,3.36,1801.28,0.4019,0.3666666666666667,0.4
better boil them,1802.08,2.4,1803.28,0.4404,0.5,-0.5
something might be left in the mechanism,1802.96,5.51,1805.715,0.0,0.0,-0.4
all right anything else,1804.48,7.119,1808.0395,0.0,0.2857142857142857,0.5
and when i leave here i want you to go,1815.44,4.479,1817.6795,0.0258,0.0,0.2
over the whole place thoroughly,1817.76,3.519,1819.5195,0.0,0.2,0.7
wash these glasses and put them back on,1819.919,3.841,1821.8395,0.0,0.0,0.4
the shelf uh get rid of these bottles,1821.279,4.321,1823.4395,0.0,0.0,-0.7
clean everything thoroughly there must,1823.76,3.12,1825.32,0.4019,0.3666666666666667,-0.7
be one sign left that you've had me,1825.6,2.319,1826.7595,0.0,0.0,0.7
visiting tonight him,1826.88,10.11,1831.935,0.0,0.0,0.4
me or anybody else uh give me that paper,1827.919,11.921,1833.8795,0.0,0.0,-0.7
i'll give you a blanket back soon as,1839.84,4.24,1841.96,0.0,0.0,0.4
i've got him in the car,1841.2,2.88,1842.64,0.0,0.0,0.6
gonna examine it very carefully too i'll,1844.399,3.681,1846.2395,0.2006,-0.13,0.7
clean everything i won't go to bed until,1846.72,5.12,1849.28,0.4019,0.3666666666666667,0.4
i've cleaned everything in the place,1848.08,3.76,1849.96,0.0,0.0,0.7
now put out the lights,1856.32,9.52,1861.08,0.0,0.0,-0.7
go out see,1872.32,7.52,1876.08,0.0,0.0,0.5
i won't see you again i suppose for both,2064.879,4.161,2066.9595,0.0,0.0,-0.7
our sakes i,2068.079,2.08,2069.119,0.0,0.0,-0.7
hope this ends the whole thing,2069.04,3.44,2070.76,0.4404,0.2,-0.7
completely and forever,2070.159,18.961,2079.6395,0.0,0.1,0.2
all right then goodbye,2072.48,24.729,2084.8445,0.0,0.2857142857142857,0.8
all right i'm back here,2125.92,5.919,2128.8795,0.0,0.14285714285714285,0.4
what wasn't it time never mind here's,2137.76,4.88,2140.2000000000003,0.0,0.0,-0.7
it shouldn't have gone far that's all,2147.04,3.44,2148.76,0.0,0.1,-0.7
if you find it later you can have it,2150.48,3.44,2152.2,0.0,0.0,0.4
thanks hey this is a penny,2155.359,4.961,2157.8395,0.4404,0.2,0.2
oh thanks for the time i find it,2164.56,11.63,2170.375,0.4404,0.2,0.7
excellent port dad yeah william,2407.839,8.081,2411.8795,0.7096,1.0,0.8
check please yes sir,2412.72,6.879,2416.1595,0.6124,0.0,0.7
this is mine tonight oh thank you,2415.92,3.679,2417.7595,0.3612,0.0,0.7
did frank say what kept him and,2421.359,3.681,2423.1995,0.0,0.0,0.2
something important i imagine,2423.599,3.601,2425.3995,0.2023,0.4,0.7
he sounded excited well i can't quite,2425.04,5.2,2427.64,0.5423,0.375,0.6
picture frank excited,2427.2,3.04,2428.72,0.34,0.375,0.7
you also must have left mine,2437.599,4.961,2440.0795000000003,0.0,0.0,-0.7
thank you sir coffee in the lounge very,2444.079,3.76,2445.9590000000003,0.3612,0.2,0.7
well sir he was talking from the police,2446.079,4.081,2448.1195,0.2732,0.0,0.2
commissioner's office,2447.839,5.841,2450.7595,0.0,0.0,0.2
ah there he is,2450.16,6.72,2453.52,0.0,0.0,0.7
well shall we go back no,2453.68,4.88,2456.12,-0.0258,0.0,-0.7
i'm not going to eat now i'm going to,2456.88,3.76,2458.76,0.0,0.0,0.5
have a drink oh you richard,2458.56,6.559,2461.8395,0.0,0.0,0.4
fine thank you but count for yourself,2460.64,6.88,2464.08,0.2846,0.4166666666666667,0.4
come inside you'll be interested in this,2465.119,4.24,2467.239,0.4019,0.25,0.7
oh collins get me an old-fashioned plan,2467.52,6.88,2470.96,0.0,0.0,0.7
yes sir let's go over here hot news,2469.359,5.041,2471.8795,0.4019,0.25,0.7
very but confidential for the moment,2474.72,6.8,2478.12,0.0,0.2,0.3
claude mazda's disappeared lord master,2478.96,3.76,2480.84,-0.2263,0.0,0.3
but um how do you mean disappeared,2482.72,5.28,2485.36,-0.3291,-0.3125,0.2
exactly what the word means he left,2486.16,3.36,2487.84,0.0,0.125,-0.7
washington yesterday afternoon he,2488.0,3.28,2489.64,0.0,0.0,0.4
arrived at penn station last night and,2489.52,3.44,2491.24,0.0,0.0,0.2
from there he's literally,2491.28,4.72,2493.6400000000003,0.0,0.0,0.3
disappeared is that,2492.96,6.8,2496.36,-0.2263,0.0,-0.7
uh the promoter my dear richard,2496.0,6.319,2499.1595,0.3818,0.0,0.4
falger when a promoter has promoted the,2499.76,3.52,2501.5200000000004,0.4215,0.0,0.2
colossus like,2502.319,3.28,2503.959,0.3612,0.0,0.6
world enterprises incorporated he's no,2503.28,3.52,2505.0400000000004,-0.296,0.0,-0.7
longer a promoter,2505.599,4.081,2507.6395,0.0,0.0,0.7
he's a financier oh yes yes of course i,2506.8,4.24,2508.92,0.6597,0.0,0.4
remember now,2509.68,4.24,2511.8,0.0,0.0,0.4
we're gonna wait until,2511.04,2.88,2512.48,0.0,0.0,-0.5
no not for me i got no fashion count,2516.72,7.359,2520.3995,-0.5267,0.0,-0.7
we're going to wait until midnight only,2522.72,3.119,2524.2795,0.0,0.0,0.4
off chance he shows up but if he hasn't,2524.079,3.04,2525.599,0.128,0.0,0.2
checked in by then we'll give it to the,2525.839,3.28,2527.479,0.0,0.0,0.2
papers and then watch the fireworks,2527.119,6.081,2530.1595,0.0,0.0,0.7
the market and how what did he look like,2529.119,8.641,2533.4395,0.3612,0.0,0.2
well i mean what sort of fellow was he,2533.2,6.879,2536.6395,0.2732,-0.3125,0.2
a blue perfect nuisance he was a patient,2537.76,3.359,2539.4395000000004,0.5719,0.5,-0.5
of mine for a while,2540.079,3.841,2541.9995000000004,0.0,0.0,0.7
for what nerves uh blood pressure he had,2541.119,4.401,2543.3195,-0.3818,0.0,0.2
the most ungovernable temper i've ever,2543.92,2.159,2544.9995,-0.4728,0.5,-0.7
he'd no idea how pleased i was when he,2546.079,5.76,2548.9590000000003,0.1779,0.5,0.7
called me a quick and stumped out,2547.92,3.919,2549.8795,0.0,0.3333333333333333,-0.7
well uh just because man doesn't show up,2552.0,3.28,2553.64,0.2732,0.0,-0.7
i see no reason to assume that he's been,2555.28,3.76,2557.1600000000003,-0.296,0.0,0.2
i didn't say he was murdered,2559.04,10.559,2564.3195,-0.6597,0.0,0.2
mr layla or mr lander yeah,2564.56,5.039,2567.0795,0.296,0.0,0.7
uh telephone mr laner thank you excuse,2570.24,4.0,2572.24,0.4215,-0.05,0.2
i don't know why i said that i suppose,2578.64,4.719,2580.9995,0.0,0.0,0.2
because his whole manner the way he,2581.76,2.64,2583.0800000000004,0.0,0.2,-0.7
talks seemed to indicate,2583.359,3.681,2585.1995,0.0,0.0,0.2
murder violence of some kind it did,2584.4,4.56,2586.6800000000003,-0.7506,0.6,-0.8
that's what he's suspicious of do,2587.04,4.079,2589.0795,-0.3612,0.0,-0.7
he's none can instinct things like that,2588.96,4.56,2591.24,0.3612,0.0,0.3
the old head goes up like a bird dogs,2591.119,4.321,2593.2795,0.3612,0.1,0.6
yes i can imagine he'd be pretty,2593.52,4.4,2595.72,0.7096,0.25,0.6
terrifying once he got the scent,2595.44,12.399,2601.6395,-0.5719,-1.0,0.7
12 o'clock in the midnight news from,2659.359,4.321,2661.5195,0.0,0.0,0.2
station wpq to the courtesy of castello,2660.96,3.359,2662.6395,0.3612,0.0,0.7
that tangy bracing acid remedy for that,2664.319,3.121,2665.8795,0.0,0.0,0.4
tired feeling,2666.4,3.52,2668.1600000000003,-0.34,-0.4,-0.7
but first a word about castolo rex wise,2667.44,4.08,2669.48,0.631,0.475,0.4
mother nature has balanced the chemical,2669.92,3.28,2671.56,0.0,0.0,0.7
contents of the gastric juices so,2671.52,3.839,2673.4395,0.0,0.0,0.2
carefully that heartburn acid stomach,2673.2,3.919,2675.1595,0.128,-0.1,0.2
or an upset digestive system resulting,2675.359,4.0,2677.359,-0.3818,0.0,-0.7
from over indulgence in food and drink,2677.119,3.841,2679.0395000000003,0.0,0.0,-0.5
can bite a person's whole outlook on,2679.359,3.041,2680.8795,0.0,0.2,-0.7
life but why suffer,2680.96,3.28,2682.6,-0.6956,0.0,-0.7
when castolo wrecks mother nature's own,2682.4,3.28,2684.04,0.0,0.6,-0.7
helping hand is available at your,2684.24,2.56,2685.52,0.6597,0.4,0.7
nearest drug store,2685.68,3.12,2687.24,0.0,0.0,0.4
try it today and every day now for the,2686.8,4.16,2688.88,0.0,0.0,0.7
news the police have just announced the,2688.8,3.44,2690.52,0.0,0.0,-0.4
mysterious disappearance,2690.96,3.52,2692.7200000000003,0.0,0.0,0.5
of claude mazard founder of the fabulous,2692.24,3.92,2694.2,0.5267,0.4,0.7
public utilities empire of world,2694.48,3.119,2696.0395,0.0,0.0,0.4
enterprises incorporated,2696.16,3.76,2698.04,0.0,0.0,0.4
under circumstances indicating foul play,2697.599,4.0,2699.599,0.34,0.0,-0.7
at the same time world enterprises,2699.92,2.48,2701.16,0.0,0.0,0.5
incorporated,2701.599,2.48,2702.839,0.0,0.0,0.25
have offered a reward of ten thousand,2702.4,3.36,2704.08,0.5719,0.0,0.6
dollars for any information as to his,2704.079,3.52,2705.8390000000004,0.0,0.0,0.2
whereabouts dead or alive,2705.76,3.12,2707.32,-0.4019,-0.05,0.2
after checking a briefcase at,2707.599,3.121,2709.1595,0.0,0.0,0.2
pennsylvania station about 10 30 o'clock,2708.88,9.42,2713.59,0.0,0.0,0.4
last night,2710.72,18.39,2719.915,0.0,0.0,0.2
i was practicing woodcraft in the woods,2752.0,3.76,2753.88,0.0,0.0,0.7
just off the,2754.319,3.76,2756.199,0.0,0.0,0.2
bronx river parkway extension when i,2755.76,3.52,2757.5200000000004,0.0,0.0,0.3
mr mazzage remains no i was not scared,2759.28,6.0,2762.28,0.0531,0.0,0.4
a boy scout is never scared if i get the,2762.72,3.359,2764.3995,0.3412,0.0,0.7
i will send my younger brother to some,2766.079,9.76,2770.9590000000003,0.0,0.0,0.2
good college and i will go to harvard,2767.76,8.079,2771.7995,0.4404,0.7,0.8
i think we can be pretty confident about,2776.0,3.359,2777.6795,0.7506,0.375,0.7
looks easy to you well not exactly easy,2779.359,3.681,2781.1995,0.3806,0.10833333333333334,0.3
but not too tough,2781.76,3.12,2783.32,0.1419,-0.3888888888888889,0.6
plenty of clues eh some and the,2783.04,3.44,2784.76,0.0,0.0,0.3
circumstances add up so far,2784.88,3.12,2786.44,0.0,0.1,0.3
for instance he wasn't killed in the,2786.48,3.359,2788.1595,0.5559,-0.2,0.3
woods of course you've killed somewhere,2788.0,3.2,2789.6,-0.6705,-0.2,-0.7
else in the body taken to the spot where,2789.839,2.161,2790.9195,0.0,0.0,0.2
it was found,2791.2,2.96,2792.68,0.0,0.0,0.2
how do you know that we get the tire,2792.0,3.92,2793.96,0.0,0.0,0.2
marks of a parked car,2794.16,3.28,2795.8,0.0,0.0,0.2
that's as good as a fingerprint so far,2795.92,3.28,2797.56,0.4404,0.39999999999999997,0.7
as a car is concerned how do you know it,2797.44,3.12,2799.0,0.0,0.0,0.3
was the emergence car,2799.2,2.96,2800.68,0.0,0.0,0.2
footprints in the same soft ground,2800.56,3.12,2802.12,0.0,0.05,0.4
leading from the car back to it,2802.16,2.88,2803.6,0.0,0.0,0.3
deep prince when he was going into the,2803.68,3.28,2805.32,0.0,0.0,0.4
wood carrying something heavy,2805.04,3.84,2806.96,0.0,-0.2,0.2
lighter coming back without his burden,2806.96,4.639,2809.2795,0.3412,0.0,0.7
not much question as to that is it,2808.88,5.92,2811.84,0.0,-0.1,-0.7
no it's good not we've got photographs,2811.599,4.961,2814.0795000000003,-0.5583,0.7,0.3
and plastic casts of everything,2814.8,3.36,2816.48,0.0,0.0,0.2
while that doesn't help us to name a man,2816.56,3.039,2818.0795,-0.3089,0.0,-0.7
once we've lined up in a suspect,2818.16,3.76,2820.04,-0.296,0.0,0.2
there'll be a positive check on him,2819.599,5.441,2822.3195,0.5574,0.22727272727272727,0.6
especially the shoe prince,2821.92,3.12,2823.48,0.0,0.0,0.7
how's that well the print of new shoes,2825.76,4.64,2828.0800000000004,0.2732,0.13636363636363635,0.4
isn't of much use but these were,2829.2,2.32,2830.36,0.0,0.2,-0.5
well-worn shoes,2830.4,2.64,2831.7200000000003,0.0,0.0,0.2
and from the printable worn shoe we can,2831.52,3.599,2833.3195,-0.296,0.0,0.2
learn a great deal about the wedder's,2833.04,4.24,2835.16,0.6249,0.8,0.2
weight height length of stride any,2835.119,4.0,2837.119,0.0,0.0,0.7
peculiarity of gate he may have,2837.28,4.88,2839.7200000000003,0.1531,0.0,0.3
can you tell that from these yes the man,2839.119,5.44,2841.839,0.4019,0.0,0.3
weighs in the neighborhood of 160 pounds,2842.16,4.56,2844.44,0.0,0.0,0.3
wears an eight shoe and probably of,2844.559,3.361,2846.2395,0.0,0.0,0.2
moderate circumstances,2846.72,2.72,2848.08,0.0,0.0,0.2
you're rather guessing at that last,2847.92,4.159,2849.9995,0.0,0.0,-0.7
aren't you no,2849.44,4.8,2851.84,0.2235,0.0,-0.7
the shoes have been half sold we've a,2852.079,3.681,2853.9195,0.0,-0.16666666666666666,-0.7
number of bits of evidence like that but,2854.24,2.96,2855.72,0.2263,0.0,0.4
the trouble with them as you say is they,2855.76,3.839,2857.6795,-0.4019,-0.2,-0.7
don't offer leads they only offer checks,2857.2,4.56,2859.48,0.0,0.0,-0.7
like the kind of wall you know,2859.599,3.041,2861.1195,0.3612,0.6,0.7
yes and his blood the canine inspector,2862.64,5.84,2865.56,0.4019,0.0,0.4
jackson found some on a wire fence over,2866.72,3.28,2868.36,0.0,0.0,0.2
which the body was dropped,2868.48,2.879,2869.9195,0.0,0.0,-0.7
he probably scratched his hand lifting,2870.0,3.119,2871.5595,0.4939,0.0,0.2
it over yes but uh,2871.359,4.081,2873.3995,0.2144,0.0,0.2
traced like that on a barbed wire fence,2873.119,4.96,2875.599,0.3612,0.0,-0.7
could that be enough uh to be of any use,2875.44,5.44,2878.16,0.0,0.0,-0.7
did i say a barbed wire fence didn't you,2878.079,4.961,2880.5595000000003,0.0,0.0,-0.7
well the other kind could a man more,2884.319,5.121,2886.8795,0.6705,0.325,0.2
naturally scratch his hand on,2885.76,5.68,2888.6000000000004,0.4939,0.1,0.4
it was a barbed wire offensive court i,2889.44,3.44,2891.16,-0.4588,0.0,-0.7
was only trying to impress you fellas,2891.44,2.399,2892.6395,0.4404,0.0,0.8
with my keeners,2892.88,2.64,2894.2000000000003,0.1531,0.0,0.3
can the man get any credit around here,2893.839,4.24,2895.959,0.3818,0.0,-0.7
at all but in that case i'll,2895.52,5.12,2898.08,0.0,0.0,0.2
give you an opportunity to impress the,2898.079,4.801,2900.4795000000004,0.6908,0.0,0.7
whole city,2900.64,5.76,2903.52,0.0,0.2,0.5
does this suggest anything to you,2902.88,3.52,2904.6400000000003,0.0,0.0,0.2
yes it suggests very strongly,2907.52,6.48,2910.76,0.624,0.5633333333333334,0.8
that you're eating up with envy you see,2911.76,4.16,2913.84,-0.2732,0.0,-0.7
my name on the front page of every paper,2914.0,3.52,2915.76,0.0,0.0,0.7
so you make a desperate effort to elbow,2915.92,3.439,2917.6395,-0.3182,-0.6,-0.7
your way into my case by insinuating,2917.52,3.44,2919.24,0.0,0.0,0.4
that you're the guilty man but it's no,2919.359,2.72,2920.719,-0.5719,-0.5,-0.7
use my boy,2920.96,3.28,2922.6,0.0,0.0,0.7
you scratched yourself for nothing did,2922.079,5.601,2924.8795,0.0,0.0,-0.7
you ever see such selfishness,2924.24,6.319,2927.3995,-0.4019,0.0,-0.8
did you um put anything on it yeah some,2927.68,4.08,2929.72,0.296,0.0,0.2
antiseptic,2930.559,4.161,2932.6395,0.0,0.0,0.6
how did you do it last night i uh cut it,2931.76,4.48,2934.0,-0.2732,0.0,-0.7
on a tin can,2934.72,4.8,2937.12,0.0,0.0,0.2
well uh watch it yes i will,2936.24,4.56,2938.52,0.5859,0.0,0.2
would you like to hear exactly how the,2939.52,3.68,2941.36,0.3612,0.25,0.2
police figure it happened you bet we,2940.8,5.6,2943.6000000000004,0.0,0.0,0.4
would well come in alone,2943.2,3.2,2944.8,0.0258,0.0,0.6
good night,2948.16,2.399,2949.3595,0.4404,0.7,0.8
coffee and cigars inside yes sir,2953.599,4.24,2955.719,0.4019,0.0,0.7
william checking the launch very well mr,2958.88,3.6,2960.6800000000003,0.3384,0.2,0.7
they got a line on a woman this,2962.48,3.359,2964.1595,0.0,0.0,-0.7
afternoon prank yeah,2963.68,4.399,2965.8795,0.296,0.0,0.7
oh hello martin may i see it for a,2965.839,4.401,2968.0395,0.0,0.0,0.4
moment certainly,2968.079,5.04,2970.599,0.34,0.21428571428571427,0.5
i'll join you in a minute,2970.24,2.879,2971.6795,0.296,0.0,0.7
great stuff knowing your district,2977.599,5.24,2980.219,0.6249,0.8,0.8
attorney get all the inside dope,2978.8,7.039,2982.3195,0.0,0.0,0.6
frank's a very smart man yeah,2990.96,4.56,2993.24,0.6659,0.2785714285714286,-0.7
you're a bit off your feet aren't you,2996.839,5.961,2999.8195,0.0,0.0,0.7
yeah just a bit i suppose,2999.44,3.36,3001.12,0.296,0.0,0.3
i haven't been sleeping very well,3002.88,4.16,3004.96,0.3384,0.2,-0.7
missing the family eh,3005.2,4.08,3007.24,-0.296,-0.2,-0.7
yes very much yes well i think you could,3007.04,4.0,3009.04,0.793,0.26,0.7
do with a few pills,3009.28,3.6,3011.0800000000004,0.0,-0.2,-0.7
you're not the uh absent-minded,3011.04,4.16,3013.12,0.0,0.0,0.4
professor taivo,3012.88,5.439,3015.5995000000003,0.0,0.0,0.4
i've tried not to be two days all right,3015.2,5.68,3018.04,0.0,0.2857142857142857,0.4
should pep you up considerably but i'd,3018.319,3.841,3020.2395,0.0,0.1,0.3
hate to think of you wandering,3020.88,3.52,3022.6400000000003,-0.5719,-0.8,-0.7
fugly into the bathroom and popping them,3022.16,3.28,3023.8,0.0,0.0,-0.7
into your mouth like,3024.4,5.12,3026.96,0.3612,0.0,0.4
salted peanuts poison they're not in the,3025.44,5.6,3028.24,-0.5423,0.0,-0.7
technical sense,3029.52,4.24,3031.64,0.0,0.0,0.4
it's a dang concentrate too much would,3031.04,5.039,3033.5595,0.0,0.2,-0.7
hit the old heart like a sledgehammer,3033.76,5.92,3036.7200000000003,0.7717,0.1,0.7
instantly well a matter of 20-30 minutes,3036.079,4.801,3038.4795000000004,0.296,0.0,0.3
bang what's that prescription for,3040.88,3.679,3042.7195,0.0,0.0,0.2
richard it not only kills you if you,3042.96,3.599,3044.7595,0.431,0.0,-0.7
take enough of it leaves no trace,3044.559,3.76,3046.4390000000003,-0.296,0.0,0.8
just a case of heart disease that's all,3046.559,3.76,3048.4390000000003,0.6369,0.0,-0.7
they could say i suppose there's no way,3048.319,3.361,3049.9995,-0.296,0.0,-0.7
of telling how many of your patients,3050.319,4.321,3052.4795,0.0,0.5,0.2
you've disposed of in that way,3051.68,6.639,3054.9995,0.0,0.0,-0.7
none whatever's ever get it you said uh,3054.64,6.8,3058.04,0.0,0.0,-0.7
they've located the woman not quite,3058.319,4.881,3060.7595,0.0,0.0,0.4
the police theory this afternoon was,3061.44,4.639,3063.7595,0.0,0.0,-0.7
this mazda the bachelor had a sweetheart,3063.2,4.32,3065.36,0.6486,0.0,0.6
his business associates are quite sure,3066.079,2.721,3067.4395,0.3804,0.5,0.6
of that but who she is or where she,3067.52,2.559,3068.7995,0.0,0.0,-0.7
lives they don't know,3068.8,3.44,3070.52,0.0,0.0,0.2
pretty nervous man in romance it seems,3070.079,3.841,3071.9995000000004,0.6908,0.25,0.3
any rate when he reached penn station he,3072.24,3.2,3073.84,0.1027,0.0,0.2
went to calling her,3073.92,3.439,3075.6395,0.0,0.0,0.4
either a man was already there or he,3075.44,3.6,3077.24,0.0,0.0,0.2
came during matthew's visit,3077.359,3.521,3079.1195,0.0,0.0,0.4
and this man the lady preferred over,3079.04,4.079,3081.0795,0.0,0.0,0.4
why do they think that well otherwise if,3083.119,3.521,3084.8795,0.2732,0.0,0.2
her true love had been killed she would,3085.359,2.641,3086.6795,0.3612,0.21666666666666665,-0.8
have most likely done something to bring,3086.64,3.36,3088.32,0.0,0.25,-0.5
the killer to justice this is just a,3088.0,4.24,3090.12,-0.2263,0.0,0.2
theory of course i said that,3090.0,4.079,3092.0395,0.0,0.0,0.4
so they fought and mazard was killed,3092.24,3.44,3093.96,-0.7951,-0.2,-0.7
probably with a pair of scissors,3094.079,3.04,3095.599,0.0,0.0,0.2
that's the medical examiner's belief,3095.68,3.679,3097.5195,0.0,0.0,0.2
anyway then in a panic they loaded the,3097.119,3.361,3098.7995,-0.5106,0.0,-0.7
body into a car,3099.359,2.96,3100.839,0.0,0.0,-0.5
his or hers and took it to the place,3100.48,3.92,3102.44,0.0,0.0,0.2
where it was found,3102.319,4.961,3104.7995,0.0,0.0,0.3
now these two people this man and this,3104.4,3.76,3106.28,0.0,0.0,0.2
sit hating and fearing each other,3108.16,4.88,3110.6,-0.7906,-0.125,0.2
each wondering how long it'll be before,3111.2,3.84,3113.12,0.0,-0.05,-0.8
the other is caught and blabs out the,3113.04,3.92,3115.0,0.0,-0.125,0.4
whole story,3115.04,6.0,3118.04,0.0,0.2,0.5
always a woman eh wait i'm not through,3116.96,5.879,3119.8995,0.0,0.0,0.4
that i said was the theory this,3121.04,5.76,3123.92,0.0,0.0,0.3
afternoon and what is it now,3122.839,3.961,3124.8195,0.0,0.0,0.4
well now it's anybody's guess something,3128.16,4.64,3130.48,0.2732,0.0,0.4
came up just as i left the office that,3131.04,3.44,3132.76,0.0,0.0,0.2
pulls the rug right out from under that,3132.8,2.48,3134.04,0.0,0.2857142857142857,-0.8
really it seems that mazda's associates,3135.28,4.4,3137.48,0.0,0.2,0.4
always afraid to get into trouble with,3138.319,3.201,3139.9195,-0.4019,-0.4,-0.7
his temper it engaged a man a,3139.68,3.76,3141.56,-0.0258,0.0,0.4
bodyguard to follow him secretly at all,3141.52,3.28,3143.16,0.0,-0.4,0.3
was that night too that we don't know,3144.8,5.84,3147.7200000000003,0.0,0.0,-0.5
we don't know because he's disappeared,3148.4,4.4,3150.6,-0.2263,0.0,-0.7
as well then there's your murderer,3150.64,5.04,3153.16,-0.5423,0.0,-0.7
isn't it hmm could be but not,3152.8,6.48,3156.04,0.0,0.0,0.2
necessarily then why hasn't he shown up,3155.68,5.679,3158.5195,0.0,0.0,-0.7
ah it's not that simple he could have,3159.28,3.6,3161.0800000000004,0.0,0.0,-0.7
murdered mazat yes,3161.359,2.881,3162.7995,-0.4019,0.0,-0.7
he might have tried to blackmail him and,3162.88,3.199,3164.4795,0.0,0.0,-0.7
kill him in the fight or he might have,3164.24,2.64,3165.56,-0.8074,0.0,-0.8
witnessed the killing,3166.079,1.921,3167.0395000000003,-0.6597,0.0,0.7
is getting ready to blackmail the,3166.88,2.719,3168.2395,0.3612,0.2,-0.7
killers but even if he's a hundred,3168.0,2.48,3169.24,-0.3919,0.0,0.4
percent innocent,3169.599,3.841,3171.5195000000003,0.34,0.5,0.7
he still won't walk in and talk why not,3170.48,4.639,3172.7995,0.0,0.0,-0.7
because he's hot he's a known crook with,3173.44,2.96,3174.92,0.0,0.25,-0.7
a blackmailing record,3175.119,2.72,3176.4790000000003,0.0,0.0,-0.7
that's why he was thrown off the force,3176.4,3.36,3178.08,0.0,0.0,-0.7
for shaking people down,3177.839,3.28,3179.479,-0.1779,-0.15555555555555559,-0.7
and he's wanted for at least two other,3179.76,3.599,3181.5595000000003,0.0,-0.2125,0.2
reps we'll get that gentleman when we,3181.119,4.321,3183.2795,0.0,0.0,-0.7
run him down and not before,3183.359,4.401,3185.5595,0.0,-0.15555555555555559,-0.7
nice better to pick for a buddy god oh,3185.44,4.56,3187.7200000000003,0.7783,0.55,0.7
don't ask me why wall street geniuses do,3187.76,2.72,3189.1200000000003,0.0,0.0,-0.7
he's tough and strong and i suppose,3190.48,3.119,3192.0395,0.4215,0.0222222222222222,0.6
that's all they thought of it,3192.079,2.961,3193.5595000000003,0.0,0.0,0.4
anyway i'm going up tomorrow morning to,3193.599,2.48,3194.839,0.0,0.0,-0.7
have a look over this place where they,3195.04,1.92,3196.0,0.0,0.0,0.2
dump the body,3196.079,2.321,3197.2395,-0.3818,0.0,-0.7
either of you fellas like to go with me,3196.96,2.8,3198.36,0.3612,0.0,0.4
i'm sorry i wish i could but i'm,3198.4,2.8,3199.8,0.1779,-0.5,-0.7
operating in the morning richard,3199.76,3.76,3201.6400000000003,0.0,0.0,0.6
oh i'm afraid that oh you'll go with him,3201.2,3.84,3203.12,0.0,-0.6,-0.7
you've got no classes tomorrow you told,3203.52,2.0,3204.52,-0.296,0.0,-0.7
yes i know but uh i'm his position i,3205.52,4.48,3207.76,0.2144,0.0,0.2
ordered him to,3208.16,3.76,3210.04,0.0,0.0,-0.5
give you something to think about what,3210.0,3.76,3211.88,0.0,0.0,0.3
time i'll pick it up at your apartment,3211.92,3.04,3213.44,0.0,0.0,0.4
very well i'll be ready good we'll try,3214.96,4.48,3217.2,0.7778,0.3666666666666667,0.7
to show you how the law operates the,3217.839,6.0,3220.839,0.0,0.0,0.3
nailer man,3219.44,4.399,3221.6395,0.0,0.0,0.3
this is quite an adventure for me,3232.88,7.12,3236.44,0.3774,0.0,0.7
anything new something very important,3236.079,3.921,3238.0395000000003,0.2716,0.3281818181818182,0.7
fred yes sir we're picking up jackson at,3240.8,10.559,3246.0795000000003,0.4019,0.0,0.6
the toll gate right sir,3243.04,11.44,3248.76,0.0,0.2857142857142857,-0.4
district attorney's office,3251.359,3.121,3252.9195,0.0,0.0,0.2
fellows is not on duty with a check at,3260.96,3.76,3262.84,0.0,0.0,-0.7
his home this afternoon,3262.72,4.8,3265.12,0.0,0.0,0.4
inspector jackson president how do you,3264.72,3.52,3266.48,0.0,0.0,0.4
do inspector,3267.52,3.28,3269.16,0.0,0.0,0.2
pleased to meet you sir oh excuse my,3268.24,4.319,3270.3995,0.4939,0.225,0.7
left hand i have a little cut,3270.8,4.24,3272.92,0.3384,-0.09375,0.2
oh yes how's it coming all right it's,3272.559,4.481,3274.7995,0.4019,0.2857142857142857,0.4
how did you say you did it well uh i was,3277.04,4.72,3279.4,0.2732,0.0,-0.7
opening a cat in the kitchen the other,3279.92,2.48,3281.16,0.0,-0.125,0.4
night and the,3281.76,4.0,3283.76,0.0,0.0,-0.5
cat opener slipped what was in the can,3282.4,6.48,3285.64,0.0,0.0,0.2
poison ivy i'm,3285.76,6.48,3289.0,-0.5423,0.0,-0.7
i'm afraid that was pure stupidity,3288.88,6.8,3292.28,-0.4404,-0.32857142857142857,-0.9
uh the next day i was looking for lost,3292.24,4.319,3294.3995,-0.3182,0.0,-0.7
golf ball and,3295.68,3.2,3297.28,0.0,0.0,0.4
evidently i got into some poison ivy you,3296.559,3.601,3298.3595,-0.5423,0.25,-0.7
must have scratched it,3298.88,4.479,3301.1195,0.0,0.0,-0.7
it's a pretty bad infection well it's a,3300.16,6.0,3303.16,0.2023,-0.22499999999999992,-0.7
awful nuisance i know that is this your,3303.359,3.681,3305.1995,-0.4588,-1.0,-0.7
case inspector,3306.16,2.72,3307.52,0.0,0.0,0.2
for the moment there are all these cases,3307.04,3.759,3308.9195,0.0,0.0,0.2
all the tough ones inspector jackson's,3308.88,4.4,3311.08,-0.128,-0.3888888888888889,0.7
head of the homicide bureau,3310.799,5.76,3313.679,0.0,0.0,0.3
oh anything new since i left well we,3313.28,4.96,3315.76,0.2732,0.06818181818181818,-0.7
picked up that woman this morning,3316.559,3.681,3318.3995,0.0,0.0,0.6
good what you got to say for his help,3318.24,3.52,3320.0,0.6808,0.7,0.8
well we'll see when we get there they're,3320.24,4.16,3322.32,0.2732,0.0,0.2
bringing her up,3321.76,2.64,3323.0800000000004,0.0,0.0,0.6
inspector good morning captain you know,3333.04,4.48,3335.28,0.4404,0.7,0.7
mr layla don't you you bet very glad to,3335.52,3.76,3337.4,0.5095,0.65,0.4
see mr leyland i see you captain and,3337.52,2.72,3338.88,0.0,0.0,0.4
this is professor,3339.28,3.36,3340.96,0.0,0.0,0.4
wanley that's right captain kennedy nice,3340.24,3.2,3341.84,0.4215,0.44285714285714284,0.6
to meet you captain,3342.64,2.56,3343.92,0.0,0.0,0.7
pleased to meet you professor that woman,3343.44,3.52,3345.2000000000003,0.4404,0.5,0.6
he get vic has her in the car,3345.2,3.2,3346.8,0.0,0.0,0.4
well let's go over this layout first,3346.96,2.8,3348.36,0.2732,0.25,0.2
then we'll get to her all right,3348.4,2.159,3349.4795,0.0,0.2857142857142857,0.7
now here is where he parked his car the,3358.559,4.401,3360.7595,0.0,0.0,0.2
tire tracks are gone of course,3360.88,4.08,3362.92,0.0,0.0,0.2
but we have cast and photographs they're,3362.96,3.52,3364.7200000000003,0.0,0.0,0.2
good with 716,3364.96,4.8,3367.36,0.4404,0.7,0.8
between 15 and 20 000 miles,3366.48,4.72,3368.84,0.0,0.0,0.4
standard equipment on two or three,3369.76,3.52,3371.5200000000004,0.0,0.0,0.4
popular makeup cars the motorcycle,3371.2,3.599,3372.9995,0.4215,0.6,0.2
officer on duty remembers seeing your,3373.28,2.799,3374.6795,0.0,0.0,0.2
cadillac at the traffic,3374.799,3.841,3376.7195,0.0,0.0,-0.4
signal that may be worth keeping in mind,3376.079,3.601,3377.8795,0.2263,0.3,0.4
did you see who was in it,3378.64,3.12,3380.2,0.0,0.0,0.2
yes the driver a man but he doubts very,3379.68,3.679,3381.5195,-0.2382,0.2,0.2
much if he could identify him so i don't,3381.76,3.359,3383.4395000000004,0.0,0.2,-0.7
think that's going to lead us anywhere,3383.359,3.281,3384.9995,0.0,0.0,-0.7
well anyway you got the body here,3385.119,5.44,3387.839,0.2732,0.0,0.3
where'd you take it i'll show you,3386.64,5.439,3389.3595,0.0,0.0,0.4
we got cast in the shoes going and,3390.559,3.601,3392.3595,0.0,0.0,0.5
richard what you're going to be the,3394.16,5.04,3396.68,0.0,0.0,0.4
oh am i going right,3400.24,7.68,3404.08,0.0,0.2857142857142857,0.4
as straight as an arrow professor hey,3404.559,4.641,3406.8795,0.2263,0.2,0.6
say you think we'd better look into this,3407.92,3.28,3409.56,0.4404,0.5,0.5
mr layla well,3409.2,3.52,3410.96,0.2732,0.0,0.7
that's very funny i wasn't even thinking,3411.2,3.119,3412.7595,0.4927,0.325,0.7
where i was going i i was just thinking,3412.72,3.2,3414.32,0.0,0.0,0.4
what the inspector said,3414.319,2.881,3415.7595,0.0,0.0,0.2
that's all right richard don't get,3415.92,3.6,3417.7200000000003,0.0,0.2857142857142857,0.4
excited we rarely arrest people just for,3417.2,5.28,3419.84,0.5324,0.1625,0.7
knowing where the body was,3419.52,2.96,3421.0,0.0,0.0,0.2
i don't imagine our killer was very,3426.319,3.04,3427.839,0.5334,0.2,-0.7
familiar with this spot because the,3427.839,3.041,3429.3595,0.0,0.375,0.4
fence was too near the road for his,3429.359,2.96,3430.839,0.0,0.1,-0.7
at any rate he couldn't go much further,3432.319,3.601,3434.1195,0.0,0.0,0.2
without a great deal of difficulty,3434.079,5.441,3436.7995,-0.6902,0.8,0.4
so he just dumped it over down there,3435.92,5.12,3438.48,-0.4522,-0.15555555555555559,-0.7
now there isn't anything in particular,3439.52,3.52,3441.28,0.0,0.16666666666666666,0.2
to see except you want to keep the whole,3441.04,3.6,3442.84,0.0772,0.2,0.4
setting in mind,3443.04,3.68,3444.88,0.0,0.0,0.2
he tore his coat probably his sleeve as,3444.64,3.76,3446.52,0.0,0.0,-0.4
he lifted it over because we picked up a,3446.72,3.2,3448.32,0.0,0.0,0.4
couple of shreds of wool and fiber,3448.4,2.56,3449.6800000000003,0.0,0.0,0.2
it couldn't have been from mazda's,3449.92,3.12,3451.48,0.0,0.0,-0.7
clothes no different material,3450.96,4.0,3452.96,-0.296,0.0,0.2
and we got a sample of blood from this,3453.04,3.759,3454.9195,0.0,0.0,0.2
he certainly didn't pick himself an easy,3456.799,3.921,3458.7595,0.6486,0.3238095238095238,-0.7
job magic weight close to 200 pounds you,3458.4,2.8,3459.8,0.0,0.5,0.4
yes it must have been pretty tough going,3461.2,3.84,3463.12,0.6597,-0.06944444444444445,-0.5
yes especially at night,3463.2,5.28,3465.84,0.4019,0.0,0.4
well yes it may have been at night,3465.04,6.4,3468.24,0.5859,0.0,0.2
i suppose so but i was thinking of it as,3468.48,5.599,3471.2795,0.0,0.0,0.2
early morning along about daylight well,3471.44,3.679,3473.2795,0.2732,0.1,0.5
i i thought the,3474.079,4.641,3476.3995,0.0,0.0,0.2
paper said night anything else sir,3475.119,5.281,3477.7595,0.0,0.0,0.2
i can't think of anything else you,3478.72,3.2,3480.32,0.0,0.0,0.4
richard well i,3480.4,4.719,3482.7595,0.2732,0.0,0.3
asked me i'm i'm simply bowled over by,3481.92,4.639,3484.2395,0.0,0.0,0.8
the amount of information the police,3485.119,3.041,3486.6395,0.0,0.0,0.4
have got out of such apparently,3486.559,3.361,3488.2395,0.0,0.025,-0.5
insignificant details,3488.16,3.76,3490.04,-0.34,0.0,-0.3
well it's hardly spectacular merely,3489.92,3.84,3491.84,0.2732,0.04999999999999999,-0.7
police routine so far,3491.92,3.28,3493.56,0.0,0.1,0.2
but there is one thing we have in our,3493.76,3.039,3495.2795,0.0,0.0,0.2
department that is really worthwhile,3495.2,2.879,3496.6395,0.4005,0.5,0.8
what's that patience,3498.079,7.121,3501.6395,0.0,0.0,0.2
imagine so want to see the woman,3501.76,6.0,3504.76,0.1513,0.0,0.4
might as well,3505.2,2.56,3506.48,0.2732,0.0,0.2
what's that for,3508.72,2.72,3510.08,0.0,0.0,0.2
oh i had one of the men put that there,3512.72,2.56,3514.0,0.0,0.0,0.4
this morning so you wouldn't brush,3514.16,2.639,3515.4795,0.0,0.0,-0.7
against that bush,3515.28,4.0,3517.28,0.0,0.0,-0.7
it's poison ivy very thoughtful captain,3516.799,4.32,3518.959,-0.1548,0.52,0.4
well too late to do me any good that's,3519.28,3.44,3521.0,0.6124,0.19999999999999998,-0.7
looks as if you'd have a little more,3522.72,4.399,3524.9195,0.0,0.15625,0.4
explaining to do richard,3524.0,6.72,3527.36,0.0,0.0,0.3
closing in on me huh,3527.119,5.601,3529.9195,0.0,0.0,-0.7
if you'll only confess professor we can,3530.72,4.24,3532.84,0.0,0.0,-0.7
wrap up this whole case before noon,3532.72,4.24,3534.84,0.0,0.2,0.4
no not me i'm afraid you'll have to work,3534.96,3.839,3536.8795,-0.296,-0.6,-0.7
for this one inspector,3536.96,4.639,3539.2795,0.0,0.0,0.3
there you go never any consideration for,3538.799,7.04,3542.319,0.0,0.0,-0.7
us poor cops,3541.599,4.24,3543.719,-0.4767,-0.4,-0.7
let's have the woman yes sir all right,3549.68,8.2,3553.78,0.4019,0.2857142857142857,0.4
you don't mind i'll don't sit in the car,3565.44,4.56,3567.7200000000003,0.0,0.0,0.2
for a little while i'm not feeling very,3568.559,2.881,3569.9995000000004,-0.0951,0.0062500000000000056,-0.7
what's the matter richard it's not,3571.44,3.2,3573.04,0.0258,0.0,-0.7
serious is it oh no no no not at all you,3572.88,14.4,3580.08,0.3561,-0.3333333333333333,-0.7
you go on i'll be all right,3574.64,15.12,3582.2,0.0,0.2857142857142857,0.7
well if you need me no no you you go,3587.28,14.559,3594.5595000000003,0.4567,0.0,0.2
right ahead,3589.76,12.079,3595.7995,0.0,0.2857142857142857,0.7
well that's all we can go now,3640.16,5.28,3642.8,0.2732,0.0,-0.7
welcome back professor hope you're,3643.92,3.199,3645.5195,0.7096,0.4,0.6
really feeling better soon,3645.44,10.62,3650.75,0.6087,0.35,0.7
well what do you think the woman,3665.2,9.04,3669.72,0.2732,0.0,0.3
you think she's the one no,3669.2,5.04,3671.72,-0.296,0.0,0.7
she got something in her conscience but,3675.599,5.121,3678.1595,0.0,0.0,0.4
what woman hasn't,3678.4,6.159,3681.4795,0.0,0.0,-0.7
is where do they find her second class,3680.72,7.04,3684.24,0.0,0.0,-0.7
hotel off broadway,3684.559,3.201,3686.1595,0.0,0.0,0.4
i don't know she seems a bit dingy to me,3689.2,4.0,3691.2,0.0,0.0,-0.7
you do better than that i'm sure,3693.2,8.24,3697.32,0.6369,0.5,0.7
uh cheaper looking,3698.4,6.399,3701.5995,0.0,0.0,-0.7
bottom of the barrel it's the bodyguard,3701.44,12.399,3707.6395,0.0,0.0,0.4
who's hot now anyway,3704.799,9.04,3709.319,0.0,0.25,0.2
oh how did you find,3730.72,6.72,3734.08,0.0,0.0,0.3
have you seen the early editions,3734.079,3.361,3735.7595,0.0,0.1,0.2
no your pictures and the times,3738.4,6.32,3741.56,-0.296,0.0,0.2
congratulations,3741.72,3.0,3743.22,0.5994,0.0,0.8
will you tell me what you mean listen,3746.559,4.641,3748.8795,0.0,-0.3125,0.4
dr george felix reynolds president of,3753.119,3.761,3754.9995,0.0,0.0,0.4
gotham college,3755.44,3.119,3756.9995,0.0,0.0,0.2
yesterday announced the promotion of dr,3756.88,2.88,3758.32,0.0,0.0,0.6
richard wongley the head of the,3758.559,3.921,3760.5195,0.0,0.0,0.4
department of psychology,3759.76,5.92,3762.72,0.0,0.0,0.7
oh oh of course i i wasn't expecting it,3762.48,4.72,3764.84,0.0,0.0,0.4
did i frighten you a bit,3767.2,8.56,3771.48,-0.34,0.0,0.4
is uh everything all right,3771.44,7.44,3775.16,0.0,0.2857142857142857,-0.7
i suppose so you've uh,3775.76,7.44,3779.48,0.0,0.0,-0.7
heard nothing from anybody have you,3778.88,10.239,3783.9995,0.0,0.0,-0.7
no not so far i'm not worrying now,3783.2,10.08,3788.24,-0.0423,0.1,0.3
i'm sure we're out of it aren't you,3789.119,7.361,3792.7995,0.3182,0.5,-0.7
i i hope so,3793.28,4.96,3795.76,0.4404,0.0,0.5
and i'm not going to bother you believe,3796.48,3.2,3798.08,0.2584,0.0,-0.7
oh it's quite all right i'm rather glad,3799.68,6.159,3802.7595,0.4588,0.39285714285714285,0.7
that i've heard from you,3802.96,2.879,3804.3995,0.0,0.0,0.2
good night thank you good night,3806.0,5.839,3808.9195,0.8074,0.7,0.8
yes miss reed who is this,3817.68,5.6,3820.48,0.2732,0.0,0.2
open up i want to have a little talk,3820.72,17.52,3829.48,0.0772,-0.09375,0.4
with you about our friend mr magic,3823.28,16.96,3831.76,0.4939,0.5,0.6
i don't know you and i don't know your,3838.24,3.76,3840.12,0.0,0.0,0.2
friend mr mazzar so,3840.24,3.92,3842.2,0.4939,0.0,0.7
beat it listen you don't want me to get,3842.0,3.599,3843.7995,-0.0572,0.0,-0.7
tough do you,3844.16,2.959,3845.6395,-0.128,-0.3888888888888889,0.2
i don't care how tough you get you're,3845.599,3.361,3847.2795,-0.3089,-0.3888888888888889,-0.7
not coming in here at this hour,3847.119,4.561,3849.3995,0.0,0.0,-0.7
i'm not kidding lady either you open,3848.96,18.79,3858.355,-0.0762,0.0,0.7
this door or i'm going to the police,3851.68,29.649,3866.5045,0.0,0.0,-0.7
well will you say what you've got to say,3884.0,4.4,3886.2,0.2732,0.0,0.4
and get out of here sure,3885.44,4.399,3887.6395,0.3182,0.5,-0.7
if you didn't hear it it was on the,3888.4,3.04,3889.92,0.0,0.0,0.4
radio tonight,3889.839,3.681,3891.6795,0.0,0.0,0.6
another reward for ten thousand dollars,3891.44,3.76,3893.32,0.5719,0.0,0.8
for any information leading to the,3893.52,5.279,3896.1595,0.0,0.0,0.4
arrest of the murderer of claude mazzart,3895.2,5.44,3897.92,-0.7906,-0.05,0.7
you didn't hear it and if i had it,3898.799,3.841,3900.7195,0.0,0.0,-0.7
wouldn't have meant one thing to me,3900.64,3.439,3902.3595,0.0,0.0,-0.7
now if you're gonna start claiming you,3902.64,3.76,3904.52,0.0,0.0,-0.7
never knew him you can save your breath,3904.079,4.561,3906.3595,0.4939,0.0,-0.7
because i've been tailing him for months,3906.4,3.439,3908.1195,0.0,0.0,0.7
and i've tailed him here,3908.64,3.919,3910.5995,0.0,0.0,0.4
many a time,3909.839,2.72,3911.199,0.0,0.5,0.2
he's been here but not under that name,3915.68,4.8,3918.08,0.0,0.0,0.3
i never knew anything about who he was,3919.119,3.841,3921.0395,0.0,0.0,-0.7
until i saw his picture in the paper,3920.48,5.839,3923.3995,0.0,0.0,-0.7
after he was killed so you're the one,3922.96,6.24,3926.08,-0.6705,-0.2,-0.7
that's wasting your breath,3926.319,6.321,3929.4795,-0.4019,0.0,-0.7
well let's see if i am don't mind my,3929.2,5.359,3931.8795,0.2732,0.0,0.3
looking around the little dude you bet i,3932.64,2.32,3933.8,0.0,-0.1875,0.7
i know nothing whatever about the death,3934.96,2.8,3936.36,-0.5994,0.0,-0.7
of mr mazzad and you've got no right to,3936.24,2.96,3937.72,-0.296,-0.14285714285714285,-0.7
take it easy win it's been in the papers,3939.2,5.04,3941.72,0.7717,0.6166666666666667,0.4
if they're looking for someone in you,3942.16,5.28,3944.8,0.0,0.0,0.4
and i'm telling you you're the only one,3944.24,4.879,3946.6795,0.0,0.0,0.7
but have you been to him and explained,3947.44,3.359,3949.1195,0.0,0.0,-0.7
to him how you had nothing to do with it,3949.119,3.041,3950.6395,0.0,0.0,-0.7
of course not it's not me they're,3950.799,2.24,3951.919,0.0,0.0,-0.7
looking for,3952.16,13.679,3958.9995,0.0,0.0,0.4
oh come now miss reed,3953.039,12.8,3959.439,-0.1531,0.0,0.2
what are you looking for i can't tell,3976.72,5.26,3979.35,0.0,0.0,-0.7
you until i find it,3978.88,6.08,3981.92,0.0,0.0,0.3
settle for some blood for a photograph,3984.96,5.68,3987.8,0.0,0.0,-0.7
or a confession,3990.64,5.17,3993.225,0.0,0.0,0.3
or some hairs,4002.88,8.0,4006.88,0.0,0.0,0.2
any little thing like that,4007.599,7.76,4011.479,0.3008,-0.1875,0.7
some brown some black,4010.88,4.479,4013.1195,0.0,-0.16666666666666666,0.2
mr mazar's was brown,4016.079,5.76,4018.959,0.0,0.0,0.2
all wiped clean huh pretty good,4053.2,10.639,4058.5195,0.8316,0.4388888888888889,0.7
housekeeper i guess,4056.4,7.439,4060.1195,0.0,0.0,0.2
yes sir clean as a whistle not a finger,4066.319,3.441,4068.0395,0.6597,0.3666666666666667,0.7
anyway not even where you think they'd,4069.76,8.079,4073.7995,0.0,0.0,0.5
be naturally,4073.359,4.48,4075.599,0.0,0.1,-0.7
could be you know those little stabs,4101.12,18.719,4110.4795,-0.3832,-0.1875,-0.7
that ain't claude mazzard,4156.319,6.721,4159.6795,0.0,0.0,0.4
and then ain't alice reed and you had it,4159.44,4.08,4161.48,0.0,0.0,0.3
what's his first name robert,4167.12,6.96,4170.599999999999,0.0,0.25,0.3
richard oh i'm getting warm all right no,4170.48,7.12,4174.04,-0.0772,0.44285714285714284,0.4
question about that in my mind,4174.08,3.52,4175.84,0.0,0.0,0.3
all right what do you want,4179.12,3.679,4180.9595,0.0772,0.2857142857142857,0.4
now you're talking i don't want to make,4183.759,4.241,4185.8795,-0.0572,0.0,-0.7
trouble for anybody,4186.48,5.52,4189.24,-0.4019,-0.2,-0.7
i can of course but i don't want to,4188.0,4.0,4190.0,-0.0857,0.0,-0.7
but the way i figure it you just don't,4192.96,4.239,4195.0795,0.0,0.0,-0.7
want the police noising around in any of,4195.28,3.04,4196.8,0.0772,0.0,-0.7
your business,4197.199,4.0,4199.199,0.0,0.0,0.5
isn't that right who does that's what i,4198.32,5.76,4201.2,0.0,0.2857142857142857,0.2
mean so i'll tell you how we can fix it,4201.199,4.881,4203.639499999999,0.0,-0.3125,-0.7
there's a ten thousand dollar reward out,4204.08,4.639,4206.3995,0.5719,0.0,0.7
for just the kind of information i got,4206.08,5.2,4208.68,0.0,0.6,0.7
but i don't see it that way the way i,4208.719,3.52,4210.479,0.0,0.0,0.2
if i got five thousand from you that'd,4212.239,5.841,4215.1595,0.0,0.0,0.4
be the end of it so far as i'm concerned,4215.36,6.0,4218.36,0.0,0.1,-0.7
are you nuts from you and the guy i mean,4218.08,4.8,4220.48,-0.3182,-0.3125,-0.7
i haven't got five thousand dollars and,4221.36,2.879,4222.7995,0.0,0.0,-0.7
there isn't any guy to get it from so,4222.88,2.56,4224.16,0.0,0.0,-0.7
you may as well go right along to the,4224.239,2.561,4225.519499999999,0.2732,0.2857142857142857,0.6
police and tell them whatever you wish,4225.44,2.88,4226.879999999999,0.4019,0.0,0.2
now you don't want me to do a thing like,4226.8,2.64,4228.12,0.3134,0.0,0.3
that miss reed,4228.32,3.359,4229.9995,-0.1531,0.0,-0.7
mr mazda was a very rich man and you,4229.44,3.84,4231.36,0.5984,0.48750000000000004,0.2
can't tell me you didn't get something,4231.679,2.48,4232.919,0.0,0.0,0.7
and don't forget you'll be a lot better,4234.159,4.08,4236.199,0.5523,0.5,0.5
off dealing with me than you would with,4236.64,9.2,4241.240000000001,0.0,0.0,0.7
the homicide squad,4238.239,7.601,4242.0395,0.0,0.0,-0.7
you don't want to go to the chair do you,4247.679,7.761,4251.5595,-0.0572,0.0,-0.7
i want you out of here that's all i want,4250.96,5.759,4253.8395,0.1531,0.0,-0.7
i have a pen and bracelet he gave me,4255.44,2.56,4256.719999999999,0.0,0.0,0.6
worth more than a thousand dollars will,4256.719,3.601,4258.5195,0.2263,0.4,0.8
you take them and get out of here,4258.0,5.6,4260.8,0.0,0.0,-0.7
no ma'am nothing like that nothing but,4260.32,4.879,4262.7595,-0.2858,0.0,-0.7
five grand cash,4265.199,4.721,4267.559499999999,0.4588,0.5,0.8
was a matter of fact you're simply,4270.48,4.64,4272.799999999999,0.0258,0.0,-0.7
bluffing if you can get 10 000 from the,4272.08,4.4,4274.28,0.0,0.0,0.6
why would you be satisfied with 5 000,4276.48,5.04,4279.0,0.4215,0.5,-0.7
what if i told you to just get out of,4282.239,4.721,4284.599499999999,0.0,0.0,-0.7
here and go whistle for it,4283.84,6.3,4286.99,0.0,0.0,0.5
you want to take a chance on that,4286.96,6.35,4290.135,0.3182,0.0,0.7
you see honey you did it you and this,4293.84,3.28,4295.4800000000005,0.0,0.0,0.6
otherwise you wouldn't even be talking,4297.12,3.68,4298.96,0.0,0.0,0.4
to me about it if you'd been in the,4298.64,3.519,4300.3995,0.0,0.0,0.2
clear you would have called the cops the,4300.8,3.04,4302.320000000001,0.3818,0.10000000000000002,-0.7
minute i walked in,4302.159,4.401,4304.3595,0.0,0.0,0.4
i know that so you gotta look at it my,4303.84,5.12,4306.400000000001,0.0,0.0,0.4
way don't you see,4306.56,4.8,4308.96,0.0,0.0,-0.5
i have to think it over i have to have,4308.96,4.0,4310.96,0.0,0.0,0.2
that's okay i'm not pushing you take,4312.96,3.84,4314.88,0.2263,0.5,0.2
tonight and tomorrow,4315.679,3.841,4317.5995,0.0,0.0,0.5
think it over see if i ain't right see,4316.8,3.52,4318.56,0.0,0.2857142857142857,0.4
explain it to him and i'll be back here,4320.32,6.16,4323.4,0.0,0.0,0.5
tomorrow night at 8 30 for the doe,4322.8,3.68,4324.64,0.0,0.0,0.4
cash but don't try to run away or pull,4326.84,5.56,4329.62,0.0,0.0,0.4
any tricks like that,4330.159,3.921,4332.1195,0.25,0.0,0.4
because i'll be keeping an eye on things,4332.4,3.68,4334.24,0.0,0.0,0.4
pretty close,4334.08,5.2,4336.68,0.4939,0.25,0.7
good night don't fret you get the money,4336.08,4.76,4338.46,0.4404,0.7,0.7
and that'll be the end of the whole,4339.28,4.56,4341.56,0.0,0.2,-0.7
something's happened i've got to see you,4375.36,4.72,4377.719999999999,0.0,0.0,0.7
right away,4377.6,2.48,4378.84,0.0,0.2857142857142857,0.7
what else did he find,4380.4,9.759,4385.2795,0.0,0.0,0.4
your pencil i kept it because,4384.48,8.719,4388.839499999999,0.0,0.0,0.4
because i wasn't sure of you then i i,4390.159,4.881,4392.599499999999,-0.2411,0.5,-0.7
wanted something,4393.199,5.201,4395.799499999999,0.0,0.0,0.4
oh well it's done now,4395.04,7.76,4398.92,0.2732,0.0,-0.5
are you angry with me what the man no i,4398.4,5.759,4401.2795,-0.6705,-0.5,-0.7
can't think of anything else you could,4402.8,3.6,4404.6,0.0,0.0,0.7
have done i don't expect you to pay all,4404.159,3.361,4405.8395,-0.1027,0.0,-0.7
the money you know,4406.4,2.64,4407.719999999999,0.0,0.0,0.2
i have a little and i can raise a little,4407.52,3.52,4409.280000000001,0.0,-0.1875,0.4
more on that bracelet some other things,4409.04,4.24,4411.16,0.0,0.1875,0.3
mr mason gave me,4411.04,5.52,4413.8,0.0,0.0,0.4
you're very fair alice quite generous,4413.28,5.439,4415.9995,0.734,0.9099999999999999,0.7
it's worth it to get rid of him well,4416.56,3.679,4418.3995,0.4588,0.3,-0.7
paying him five thousand dollars isn't,4418.719,2.641,4420.0395,0.0,0.0,-0.7
getting rid of him,4420.239,4.161,4422.3195,0.0,0.0,-0.7
not just the first installment if we pay,4421.36,6.4,4424.56,-0.1027,0.25,-0.7
him once it'll go on as long as we live,4424.4,5.36,4427.08,0.0,0.043181818181818175,0.7
but we've got to haven't we if we don't,4427.76,5.28,4430.400000000001,0.0,0.0,0.5
he'll set the cops on us i'm sure of it,4429.76,6.479,4432.9995,0.3182,0.5,-0.7
that's what blackmail means you pay or,4433.04,5.199,4435.6395,-0.1027,0.0,-0.7
the blow falls,4436.239,5.361,4438.9195,0.0,0.0,-0.7
what can we do there are only three ways,4438.239,6.401,4441.4395,0.0,0.0,-0.7
to deal with a blackmailer,4441.6,4.8,4444.0,0.0,0.0,-0.7
you can pay him and pay him and pay him,4444.64,4.48,4446.88,-0.296,0.0,0.5
until they're penniless,4446.4,7.759,4450.2795,0.0,0.0,-0.7
or you can call the police yourself,4449.12,6.64,4452.44,0.0,0.0,0.4
and let your secret be known to the,4454.159,3.921,4456.1195,0.0,-0.4,0.3
oh you can kill them,4458.4,11.44,4464.12,-0.6908,0.0,-0.7
good evening good evening,4471.199,6.881,4474.639499999999,0.7003,0.7,0.8
will this take long i have it ready in,4474.8,4.08,4476.84,0.3612,0.07500000000000001,0.2
that'd be all right yes i suppose so,4478.88,4.96,4481.36,0.4019,0.2857142857142857,0.3
same doses,4480.8,3.04,4482.320000000001,0.0,0.0,0.2
good evening rabbit,4503.679,2.721,4505.0395,0.4404,0.7,0.7
how much three and a quarter you got any,4507.76,4.08,4509.8,0.0,0.2,0.2
children you better not leave that,4510.64,3.76,4512.52,0.4675,0.5,-0.7
laying around loose,4511.84,14.0,4518.84,-0.3182,-0.07692307692307693,-0.7
were you followed you know i don't think,4582.88,4.16,4584.96,0.0,0.0,0.2
so did you look,4585.52,4.639,4587.8395,0.0,0.0,0.2
yes but there wasn't anybody i'm sure is,4587.04,4.0,4589.04,-0.1513,0.5,0.2
it the police,4590.159,4.401,4592.3595,0.0,0.0,-0.5
oh please alice,4591.04,4.96,4593.52,0.3182,0.0,0.7
if you want to play you must do your,4594.56,4.32,4596.72,0.4019,0.0,0.4
homework first,4596.0,2.88,4597.44,0.0,0.25,0.2
if you do your homework first then you,4599.92,4.4,4602.12,0.0,0.25,0.6
can go mom,4601.679,2.641,4602.9995,0.0,0.0,0.4
i give you my word of honor there isn't,4611.199,3.361,4612.8795,0.4939,0.0,-0.7
the faint to sign the police nowhere,4613.04,2.08,4614.08,0.0,-0.5,-0.7
believe me please i'm all right now go,4615.12,4.079,4617.1595,0.3182,0.2857142857142857,0.7
well there's uh five thousand dollars in,4619.199,3.921,4621.1595,0.2732,0.0,0.4
that package but if you run into any,4621.76,2.479,4622.9995,0.0,0.0,0.2
kind of difficulty,4623.12,3.119,4624.6795,-0.34,0.6,0.2
don't let him have but part of it tell,4624.239,3.201,4625.839499999999,0.0,0.0,-0.7
him that's all you could get today that,4626.239,2.561,4627.519499999999,0.0,0.0,-0.7
he'll have to come back sometime,4627.44,2.48,4628.679999999999,0.0,0.0,0.3
tomorrow evening for the rest you,4628.8,2.56,4630.08,0.0,0.0,0.4
understand,4629.92,4.56,4632.2,0.0,0.0,0.5
i understand but,4631.36,7.6,4635.16,0.0,0.0,0.2
what about the uh that's in there too,4634.48,7.6,4638.28,0.0,0.0,0.2
it's powder that you needn't worry about,4638.96,5.04,4641.4800000000005,0.3412,0.0,0.7
is seeing it because it dissolves almost,4642.08,3.119,4643.6395,0.0,0.0,-0.7
how much you'll find a note about that,4645.199,3.921,4647.1595,0.0,0.2,0.2
i i don't know what else we can do alice,4649.12,4.48,4651.36,0.0,0.0,0.3
but if you don't think you can go,4652.56,3.04,4654.080000000001,0.0,0.0,0.2
through with it we'll,4653.6,4.639,4655.9195,0.0,0.0,0.7
try and think out another plan there's,4655.6,3.61,4657.405000000001,0.0,0.0,-0.7
nothing else we can do,4658.239,2.401,4659.4395,0.0,0.0,-0.7
i know that,4660.64,6.4,4663.84,0.0,0.0,0.2
how soon does it work,4664.08,2.96,4665.56,0.0,0.0,0.4
well it takes effect i'm told in 20 or,4667.36,4.96,4669.839999999999,0.2732,0.0,0.3
25 minutes,4670.56,3.119,4672.119500000001,0.0,0.0,0.2
so you better make sure he's out of your,4672.32,2.05,4673.344999999999,0.6682,0.5,-0.7
you better go now,4681.04,2.8,4682.44,0.4404,0.5,-0.7
wish me luck good luck,4684.96,6.239,4688.0795,0.891,0.7,0.7
if you lose your nerve don't get,4690.08,17.66,4698.91,-0.4019,0.0,0.4
frightened we'll find another way,4691.199,38.641,4710.519499999999,-0.4404,0.0,-0.7
miss reed yes it's me,4729.84,6.0,4732.84,0.2732,0.0,0.7
who else you got here nobody,4745.28,4.56,4747.56,0.0,0.0,-0.7
i didn't know but what you might have,4780.719,4.641,4783.0395,0.0,0.0,0.2
got some cute idea no,4781.92,6.72,4785.28,0.2023,0.5,0.6
pretty dialed up huh is that for me,4785.36,5.44,4788.08,0.4939,0.25,0.7
i'm glad if you like it of course it's,4788.64,3.12,4790.200000000001,0.6705,0.5,0.6
that mazda knew how to pick them all,4791.76,3.919,4793.7195,0.0,0.0,0.7
you sit down for a minute sure,4798.4,7.44,4802.12,0.3182,0.17222222222222222,0.2
but make it short will you,4801.84,4.0,4803.84,0.0,0.0,0.7
five thousand dollars is a lot of money,4806.48,3.52,4808.24,0.0,0.0,0.2
uh-oh it's a lot for me anyhow and i,4808.239,3.041,4809.759499999999,0.0,0.0,0.3
haven't been able to raise it on such,4810.0,2.88,4811.44,0.0,0.25,-0.7
short notice and what am i supposed to,4811.28,4.32,4813.44,0.0,0.0,0.2
do about that,4812.88,4.56,4815.16,0.0,0.0,0.2
i only want you to be reasonable that's,4815.6,3.92,4817.56,0.0772,0.1,0.4
all i want you to give me a little more,4817.44,2.96,4818.919999999999,0.0772,0.15625,0.7
how much you got 2900,4820.4,5.68,4823.24,0.0,0.2,0.7
that's what i thought what do you mean,4826.88,6.64,4830.2,0.0,-0.3125,0.2
that's a kind of a figure i'd say if i,4831.36,4.56,4833.639999999999,0.0,0.6,-0.4
had some other idea in mind,4833.52,6.08,4836.56,0.0,-0.125,0.3
not too little not too big,4835.92,8.08,4839.96,0.0,-0.09375,0.4
don't you believe me stop kidding,4839.6,8.85,4844.025000000001,-0.2023,0.0,-0.7
let's have it come on,4844.0,7.59,4847.795,0.0,0.0,0.7
i can get the rest by tomorrow night if,4851.76,4.399,4853.9595,0.0,0.0,0.4
it's all right with you,4853.28,2.879,4854.7195,0.0,0.2857142857142857,0.4
who told you to say all this nobody,4856.639,8.961,4861.1195,0.0,0.0,0.2
nobody huh is it all right,4861.199,4.401,4863.3995,0.0,0.2857142857142857,-0.7
you're pretty cute you know that is it,4865.92,4.239,4868.0395,0.7351,0.375,0.7
what else can i do if you haven't got it,4870.159,5.361,4872.8395,0.0,0.0,0.4
i think i need a drink,4875.52,3.119,4877.079500000001,0.0,0.0,0.4
would you like one i don't mind what do,4878.88,4.88,4881.32,0.3612,0.0,0.2
you get i'm gonna have a scotch and soda,4880.719,9.121,4885.2795,0.0,0.0,0.4
make it too,4883.76,6.08,4886.8,0.0,0.0,0.5
where's the boyfriend all this time,4915.52,3.76,4917.400000000001,0.0,0.0,-0.7
there isn't any boyfriend i've told you,4919.6,4.16,4921.68,0.0,0.0,-0.7
isn't he kicking in,4923.76,3.12,4925.320000000001,0.0,0.0,-0.7
you don't believe a thing i say do you,4929.6,4.0,4931.6,0.0,0.0,-0.7
i'm just naturally what they call a,4934.719,9.281,4939.3595000000005,0.0,0.1,0.3
cynic honey,4936.48,10.0,4941.48,-0.34,0.0,-0.5
kind of a guy is he anyway shoving a,4944.0,5.52,4946.76,0.0,0.6,-0.7
nice kid like you out in front,4946.48,4.96,4948.959999999999,0.6486,0.6,0.7
what's the use of my trying to tell you,4949.52,4.48,4951.76,0.0,0.0,-0.7
so all right if everything's so kosher,4956.88,6.799,4960.279500000001,0.0,0.2857142857142857,0.5
what are you giving me this dough for,4960.32,6.24,4963.44,0.34,0.0,-0.7
just because you like me i'm giving it,4963.679,4.161,4965.7595,0.5994,0.0,0.8
to you because i don't want to be mixed,4966.56,2.8,4967.96,-0.0572,0.0,0.6
up in this thing in any way,4967.84,4.319,4969.9995,0.0,0.0,0.7
not because i had anything to do with it,4969.36,4.16,4971.44,0.0,0.0,-0.7
but because in my position you can't,4972.159,15.681,4979.9995,0.0,0.0,-0.7
tell what they'll try to hang on me,4973.52,15.84,4981.4400000000005,0.0,0.0,-0.7
how would you like to get out of this,4987.84,3.68,4989.68,0.3612,0.0,-0.7
whole thing,4989.36,4.72,4991.719999999999,0.0,0.2,0.5
what do you mean exactly what i'm saying,4991.52,3.84,4993.4400000000005,0.0,-0.03125,0.7
get out of it,4994.08,4.0,4996.08,0.0,0.0,-0.7
completely,4995.36,2.72,4996.719999999999,0.0,0.1,0.6
go away with me,4998.719,3.121,5000.2795,0.0,0.0,0.7
think about it for a minute i don't have,5005.6,4.88,5008.04,0.0,0.0,-0.5
to think about it,5009.04,4.48,5011.28,0.0,0.0,0.2
i'm not such a bad guy you know i didn't,5010.48,4.719,5012.839499999999,0.431,-0.3499999999999999,0.4
say you were,5013.52,4.159,5015.5995,0.0,0.0,0.4
but what's more important outside of,5015.199,4.801,5017.599499999999,0.3898,0.3,0.2
this boyfriend that you haven't got,5017.679,4.161,5019.7595,0.0,0.0,-0.7
i'm the only person in the whole world,5020.0,9.679,5024.8395,0.0,0.1,-0.8
who knows you even knew mastered,5021.84,22.0,5032.84,0.0,0.0,0.4
think about it that way for a minute,5029.679,14.161,5036.7595,0.0,0.0,0.4
from abandoned will be a sense to make,5059.199,3.761,5061.0795,-0.4588,0.0,0.4
south america and that's all there is to,5060.88,4.24,5063.0,0.0,0.0,0.4
if i thought if you thought what,5068.32,6.16,5071.4,0.0,0.0,0.3
if you thought what have you any more,5071.36,5.839,5074.2795,0.0,0.5,-0.7
money than that,5074.48,2.719,5075.839499999999,0.0,0.0,0.5
keep it but why,5078.48,5.36,5081.16,0.0,0.0,0.4
take a look in the mirror beautiful and,5082.08,3.52,5083.84,0.5994,0.85,0.7
if you're thinking of somebody else,5083.84,4.0,5085.84,0.0,0.0,-0.4
don't be a sucker in a jam like this you,5085.6,3.599,5087.3995,0.6458,-0.3,-0.7
gotta look out for yourself,5087.84,5.76,5090.72,0.0,0.0,0.4
first i suppose so,5089.199,6.161,5092.2795,0.0,0.25,0.3
do you think he'd think of you if he had,5093.6,4.4,5095.8,0.0,0.0,0.4
when would we leave the sooner the,5098.0,4.56,5100.28,-0.0516,0.0,0.4
better tomorrow morning,5099.52,5.119,5102.079500000001,0.4404,0.5,0.7
tonight would be better would it make a,5102.56,3.679,5104.3995,0.4404,0.5,0.3
great deal of difference,5104.639,3.281,5106.279500000001,0.6249,0.8,0.7
not if it's positive for tomorrow,5106.239,3.521,5107.9995,-0.4449,0.22727272727272727,0.8
morning i'll have to do some phoning i,5107.92,3.12,5109.4800000000005,0.0,0.0,0.2
can't have some people i know running,5109.76,2.8,5111.16,0.0,0.0,-0.7
around the police and getting excited,5111.04,2.8,5112.44,0.34,0.375,0.7
about a disappearance,5112.56,3.04,5114.080000000001,0.0,0.0,-0.5
yeah you'll have to watch that i could,5113.84,3.52,5115.6,0.296,0.0,0.3
pick up some kind of explanation,5115.6,3.49,5117.345,0.0,0.6,0.4
is it a deal then,5117.36,3.92,5119.32,0.0,0.0,0.4
i guess so i guess it is,5121.28,5.76,5124.16,0.0,0.0,0.2
all right give me a kiss,5125.04,5.27,5127.675,0.4215,0.2857142857142857,0.7
you're not still worried are you oh i,5132.88,5.279,5135.5195,0.2235,0.0,-0.7
suppose not,5136.08,5.52,5138.84,0.0,0.0,-0.7
you leave it to me we'll do all right,5138.159,6.401,5141.3595,-0.0516,0.2857142857142857,0.7
apparently i'll have to i don't seem to,5141.6,5.92,5144.56,0.0,0.05,-0.7
have any other choice,5144.56,6.56,5147.84,0.0,-0.125,0.2
don't you want your drink i don't think,5147.52,4.48,5149.76,-0.0572,0.0,-0.5
i'll put some more ice in it,5152.0,9.28,5156.64,0.0,0.5,0.4
i suppose i could say i was going to the,5161.28,5.56,5164.06,0.0,0.0,0.2
well here we go you really want me to,5168.719,5.281,5171.3595000000005,0.4005,0.2,0.3
drink this,5172.32,4.72,5174.679999999999,0.0,0.0,0.7
why not it's all settled isn't it,5174.0,6.88,5177.44,0.0,0.0,-0.7
that's what i thought what do you mean,5177.04,7.76,5180.92,0.0,-0.3125,0.2
you take it i've got mine,5180.88,7.44,5184.6,0.0,0.0,0.4
you take this one i'll take yours,5184.8,7.2,5188.400000000001,0.0,0.0,0.4
go ahead what's the matter nothing,5188.32,9.52,5193.08,0.0258,0.0,0.2
all right then drink it,5192.0,5.84,5194.92,0.0,0.2857142857142857,0.7
drink it what do you take me for some,5200.8,4.8,5203.2,0.0,0.0,0.3
i don't know what you mean and all this,5205.6,2.16,5206.68,0.0,-0.3125,-0.5
time i've been trying to give you a,5206.88,3.2,5208.4800000000005,0.0,0.0,-0.7
break trying to get you out of this jam,5207.76,4.879,5210.199500000001,0.0,0.0,0.5
i got a good night to break your neck,5210.08,3.599,5211.8795,0.4404,0.7,-0.7
you're crazy i don't know what you're,5212.639,2.56,5213.919,-0.34,-0.6,-0.7
talking about no then why wouldn't you,5213.679,12.161,5219.7595,-0.296,0.0,-0.7
now let's have the rest of it there,5228.239,3.601,5230.0395,0.0,0.0,0.5
isn't any more will you stop acting like,5230.239,3.121,5231.799499999999,0.0094,0.25,-0.7
i'm a school kid get the rest of that,5231.84,4.399,5234.0395,0.0,0.0,0.3
door and get it quick,5233.36,2.879,5234.7995,0.0,0.3333333333333333,0.6
not under the mattress,5252.239,12.881,5258.679499999999,0.0,0.0,0.5
you amateurs,5265.12,3.68,5266.96,0.0,0.0,-0.7
what else you got here,5270.239,8.561,5274.519499999999,0.0,0.0,0.4
how could you lie to pappy like that how,5278.8,4.56,5281.08,0.3612,0.0,-0.7
did you think you could get away with,5281.76,5.76,5284.64,0.0,0.0,-0.7
it will you go now will you go,5283.36,6.799,5286.7595,0.0,0.0,0.2
sure but first because you've been such,5287.52,4.48,5289.76,0.1655,0.25,0.7
a smart little double crosser i'm gonna,5290.159,3.921,5292.1195,0.4019,0.008928571428571425,-0.7
give you another little job to do,5292.0,3.84,5293.92,0.0,-0.1875,0.2
i'm gonna let you dig up some more dough,5294.08,3.92,5296.04,0.0,0.5,0.7
for patty another five,5295.84,5.68,5298.68,0.0,0.0,0.4
grand by tomorrow night how do you like,5298.0,4.719,5300.3595,0.6705,0.5,0.6
it's no use i can't do it,5302.719,6.561,5305.9995,-0.296,0.0,-0.7
i think you can you try anyway,5306.08,5.52,5308.84,0.0,0.0,0.5
and i'll be around again tomorrow night,5309.28,5.84,5312.2,0.0,0.0,0.7
just to see what luck you have,5311.6,3.52,5313.360000000001,0.4588,0.0,0.4
professor he's,5353.12,12.72,5359.48,0.0,0.0,0.2
he's gone gone how,5357.199,8.641,5361.519499999999,0.0,0.0,-0.7
i don't know i'm not sure,5377.76,3.28,5379.400000000001,-0.2411,-0.25,0.2
i haven't much more collateral,5381.36,6.96,5384.839999999999,0.0,0.5,-0.7
but i don't know what else i could have,5389.199,5.841,5392.1195,0.0,0.0,-0.7
done i was so scared,5390.84,7.56,5394.62,-0.5777,0.0,-0.7
i'm sure you did all you could,5395.04,3.36,5396.72,0.3182,0.5,0.7
we're just not very skillful at that,5398.56,5.36,5401.240000000001,0.0,-0.1,-0.7
sort of thing,5402.08,5.36,5404.76,0.0,0.0,0.3
what can we do now i don't know,5403.92,6.64,5407.24,0.0,0.0,-0.7
i haven't any idea,5407.44,3.12,5409.0,0.0,0.0,-0.7
i'm afraid i'm too tired to think about,5410.719,5.44,5413.439,-0.4404,-0.5,-0.7
it anymore tonight,5413.199,2.96,5414.678999999999,0.0,0.0,0.4
who's that it's splinter i think he got,5542.4,3.68,5544.24,0.0,0.0,0.3
did you get him looks like,5546.08,17.28,5554.72,0.3612,0.0,0.4
yes sir some fella saw him in this,5561.36,3.279,5562.9995,0.4019,0.0,0.3
neighborhood last night and i was,5563.36,2.799,5564.7595,0.0,0.0,0.2
prowling along in the car when i spotted,5564.639,2.56,5565.919,0.0,0.0,0.4
a bag there,5566.159,2.961,5567.639499999999,0.0,0.0,0.3
so i call him to halt and what does he,5567.199,3.44,5568.919,0.0,0.0,0.2
do but start shooting,5569.12,6.72,5572.48,0.0,0.0,0.8
let's take a look,5570.639,5.201,5573.2395,0.0,0.0,0.4
he's our man all right,5600.639,3.201,5602.2395,0.0,0.2857142857142857,0.7
did he come out of one of these houses,5604.4,3.759,5606.2795,0.0,0.0,0.2
did you see if he did i didn't see him,5606.0,5.52,5608.76,0.0,0.0,0.2
he was just walking along when,5608.159,3.361,5609.8395,0.0,0.0,0.2
he done all right for himself huh,5612.239,6.241,5615.3595,0.0,0.2857142857142857,0.3
but i can't figure us what he started,5616.639,3.841,5618.5595,0.0,0.0,-0.7
shooting for,5618.48,6.39,5621.674999999999,0.0,0.0,0.5
he just didn't like the idea of burning,5625.12,4.4,5627.32,-0.2755,0.0,-0.7
that's very funny i was beginning to get,5635.52,5.199,5638.119500000001,0.4927,0.325,0.7
an entirely different idea about this,5638.159,5.361,5640.8395,0.0,0.0,0.6
all right folks break it up break it up,5640.719,3.761,5642.5995,0.0,0.2857142857142857,0.7
it's all over,5643.52,16.12,5651.580000000001,0.0,0.0,-0.7
break it up,5644.48,18.85,5653.905,0.0,0.0,-0.4
operator is morningside 5354 out of,5695.44,3.36,5697.12,0.0,0.0,0.2
i've been ringing it will you try it,5698.8,3.12,5700.360000000001,0.0,0.0,0.4
will you it's very important,5701.92,13.92,5708.88,0.2716,0.52,0.7
it's 10 30 professor wong lee,5764.639,7.201,5768.2395,0.0,0.0,0.4
it's ten thirty seven,5772.719,16.561,5780.9995,0.0,0.0,0.2
oh yes yes thank you,5784.08,5.2,5786.68,0.7845,0.0,0.8
i fell asleep are you all right sir,5790.719,3.681,5792.5595,0.0,0.2857142857142857,0.2
oh yes quite good night collins,5794.4,5.4,5797.099999999999,0.7089,0.7,0.7
good night sir,5798.239,9.571,5803.0245,0.4404,0.7,0.7
my hat please,5808.159,5.681,5810.9995,0.3182,0.0,0.3
here you are sir charlie,5825.76,5.35,5828.435,0.0,0.0,0.5
yes professor,5830.32,4.06,5832.349999999999,0.4019,0.0,0.7
i can't tell you how happy i am to see,5836.08,3.76,5837.96,0.5719,0.8,0.9
and in such good health thank you,5839.84,13.0,5846.34,0.6597,0.35,0.7
taxi professor no,5858.48,11.24,5864.099999999999,-0.296,0.0,-0.7
good night ted good night,5873.28,10.56,5878.56,0.7003,0.7,0.8
pardon me uh will you give me a light,5909.119,4.241,5911.2395,0.3182,0.4,0.2
no oh no thank you indeed,5914.719,5.361,5917.3995,-0.3447,0.0,0.4
not for a million dollars,5921.119,4.721,5923.4795,0.0,0.0,-0.8
